26.1454233509234;-40.0798063213377;1
25.2144944831796;-40.9936522836767;1
24.3767465345453;-40.4410869583679;1
21.5751461645473;-40.9114182930959;1
23.1557323472368;-40.1519481233097;1
22.5605431816357;-40.271803704217;1
5.33240375822987;-41.5981294734395;1
4.35246302483252;-40.319185084812;1
-4.57877614282946;-41.2377012806189;1
-5.68821705676998;-40.0873595616256;1
-5.13355224166697;-40.4880216673426;1
-5.80518176583815;-44.6177594711155;1
-5.40789724113787;-44.2145085447535;1
-5.11027728911037;-43.2376994393941;1
-4.97082929824052;-42.4214712914179;1
-5.2884660732413;-42.6567100326795;1
-9.54616166630115;-48.6500861303183;1
-20.2459449089346;-40.2560998267755;1
-18.5717866516541;-40.9737954898615;1
-18.5546454920222;-40.988303027576;1
-14.0527114942915;-46.0390730975378;1
-13.435358201822;-45.9676563162206;1
-6.53960104870591;-49.9995044153181;1
-7.63828867936427;-49.0771530797133;1
-8.66891721201544;-49.8535296832461;1
-12.9019806268169;-40.2466030932249;1
-13.0452117617453;-40.3070806433945;1
-24.840986567941;-40.6429250261946;1
-25.2966710810068;-41.5506126226627;1
-28.7628184066912;-40.6993852605575;1
-28.8487154798809;-40.5519538468458;1
-27.8337704938994;-40.1919681672901;1
-28.0322667015867;-40.3878728581536;1
-27.0991037493102;-40.1874780236685;1
-26.8005818486216;-40.1502551977291;1
-12.4652168352461;-49.4060648649028;1
-11.9317423654402;-49.1368146283258;1
-12.164644357825;-47.633997186848;1
-10.9849373628315;-48.9981692000284;1
-11.8392437053096;-48.2023683042276;1
-11.3994893903842;-48.5808338078581;1
-12.8892856756641;-48.2825564445381;1
-13.2067574668707;-47.3942461132045;1
-9.63235336338745;-41.5668852634574;1
-10.1195556764116;-40.7715695075558;1
-10.0594237912723;-40.7490196501599;1
-10.2215364203889;-40.0325078424218;1
-10.2983226162839;-40.2088331245858;1
-7.80199873158801;-42.3162786533666;1
-7.58640729709827;-41.7221559266197;1
-7.82150853323821;-41.9498120443662;1
-8.58153084226955;-40.4484610354753;1
-8.50850471225963;-40.9389193546674;1
-7.10585831529734;-40.6097887086728;1
-7.70378157389526;-40.7270632827315;1
-14.3362606336997;-43.1810113290236;1
-14.5106891284281;-43.7154682789536;1
-14.7257961447936;-43.4481384854057;1
-20.6432346024752;-46.8414769912332;1
-11.6044415075353;-41.3779528259197;1
-11.2275390053296;-41.8043357980458;1
-12.0010631354531;-42.5215050915822;1
-12.8054974893134;-42.0796145368738;1
-13.1162997442839;-41.7544540817637;1
-13.215061641864;-41.6773086281853;1
-11.6933899008173;-45.0016661849812;1
-10.7166559159368;-46.3200853375346;1
-11.5730123322331;-46.4654156083546;1
-11.6807727057863;-45.9040332240537;1
-11.2440646259319;-45.8943479861572;1
-13.007647871509;-43.2719594022594;1
-12.992727888279;-43.6216093523528;1
-12.268100931434;-44.2357852562497;1
-11.8297576819685;-43.773654854751;1
-9.50599209382478;-46.8665607212421;1
-10.683142496591;-44.0754113365316;1
-8.70449137813621;-43.2597777681704;1
-9.25890889915587;-42.888321286481;1
-10.2353664768093;-42.9415585254047;1
-9.81703840187613;-43.2264417750884;1
-10.3526433279517;-44.9895317689467;1
-9.69620927222828;-43.9953548945465;1
-9.79577155774262;-44.4635369463188;1
-7.51688005287055;-45.1803828380911;1
-8.39759383275993;-44.9625142453995;1
-8.35657743660574;-44.9829621962192;1
-5.8652680534242;-46.1668589739906;1
-6.25408629712373;-46.5462007264356;1
-9.39185923868411;-45.4515711569467;1
-9.10655146423101;-45.7730059818239;1
-8.12737795437099;-46.4697804378671;1
-8.12415578315228;-46.0230113128307;1
-7.21773652230284;-46.181662923741;1
-7.41339375144495;-46.9599888506159;1
-7.87789390323585;-47.5996261544524;1
-7.67832718681466;-47.6860928664385;1
-16.7867728074951;-40.993732945525;1
-14.4531887417907;-41.7588347577298;1
-14.4737075569451;-40.7716620204838;1
-15.2011066606273;-40.8160343770012;1
-19.0428732750206;-47.4568451184113;1
-18.5147292765392;-48.459493833808;1
-18.2165394947941;-47.6869091520491;1
-18.2745895107624;-47.1339060026845;1
-15.61630015523;-45.9411441422725;1
-15.4921375426893;-46.3381590956534;1
-15.5982481900594;-46.66841322401;1
-17.583269694626;-46.4471386775594;1
-16.442215762307;-46.3526791875962;1
-16.8035715105029;-46.217275818911;1
-16.6587857281132;-46.1808411619537;1
-17.5893984025295;-49.7253754407751;1
-17.5173867063212;-49.1876805430221;1
-17.1083891704252;-49.1309764977223;1
-17.1150112650893;-49.2918069238271;1
-16.6844988086654;-48.9939034446114;1
-16.7827109372163;-49.1675828439964;1
-16.7696153310917;-49.2840042893235;1
-15.6990234766617;-49.0425676522043;1
-15.7035389755403;-47.6254472078874;1
-15.7711709876411;-48.0589664811543;1
-16.1396155069301;-48.236402090749;1
-14.5563678464649;-48.589471857338;1
-14.9824052327231;-48.0032246038333;1
-18.5731877985286;-42.4494245333827;1
-17.92898103964;-42.9834434403961;1
-16.5746389080652;-42.2061558962828;1
-15.6091773815496;-42.1565593463166;1
-18.4735205715865;-45.6609313821704;1
-19.3352460997809;-44.1944668787506;1
-20.6109617327391;-45.5435465395188;1
-20.7955409357304;-45.0946456590177;1
-20.2938707593334;-44.5852113909019;1
-19.7569105353937;-44.8436178429255;1
-18.5210887382371;-44.7789963776148;1
-18.5428248013104;-44.5173427204217;1
-17.6117714623044;-44.4373330867092;1
-18.2678615806009;-44.0736433649779;1
-17.9830606598328;-44.1196049629336;1
-16.1735011107165;-43.5998886514455;1
-15.9799674646836;-43.009213890419;1
-15.991902205158;-43.0991689456157;1
-15.9953517494702;-43.1504803258695;1
-16.8991924854457;-43.6580349987643;1
-17.0161352898069;-43.5275863127446;1
-16.6245029059353;-44.6365351949989;1
-16.8691155625829;-44.1949741096212;1
-23.5108272887351;-41.2163965968492;1
-23.696057514146;-41.4054751542422;1
-29.0051477490948;-42.0070529552209;1
-22.365952437914;-48.805958260226;1
-24.5207070906277;-49.2900974253612;1
-23.2052876116733;-48.2696301528577;1
-23.0101223443682;-47.913652140607;1
-23.6752857610934;-48.2847898678318;1
-23.8773564593295;-48.6904772458088;1
-24.6876587042062;-45.9041792461202;1
-24.8134400578278;-45.8353123654776;1
-25.3640706349928;-46.9254504502404;1
-25.3187511932658;-46.1622983711596;1
-25.0748167722834;-46.5556913318838;1
-24.7321949688402;-47.220025657313;1
-24.1711895233817;-47.5899460062338;1
-23.0523257856501;-46.6850581796305;1
-23.5814487624827;-45.8006420339461;1
-28.9816359518942;-48.9070675377301;1
-28.7253224378104;-49.2015153631575;1
-27.3104056330912;-42.2306465041966;1
-20.3201597883926;-42.3264268237755;1
-20.7840279167444;-41.6178061541253;1
-26.0278914384674;-44.4671186359912;1
-29.4528444201932;-45.0346988137042;1
-29.6506407948447;-44.7852583018994;1
-27.2973579435131;-43.7312761013076;1
-28.8026471151051;-44.4417042166189;1
-28.3922593846881;-44.3457615209491;1
-27.693187733038;-44.3291916019885;1
-28.0349213900207;-44.2808420836371;1
-29.1480286322292;-43.3748133496264;1
-27.7594233200696;-43.2635653779207;1
-28.2403484537454;-42.9683606806064;1
-28.2843310936747;-43.4265561138403;1
-28.5777604573303;-43.5284239163289;1
-28.5940618620226;-43.7361079238989;1
-24.1429552501733;-43.196880469656;1
-24.5538061086805;-43.3808834913098;1
-24.7469661453492;-43.3339320371551;1
-24.6886002713296;-43.2431991320305;1
-23.6186386801389;-42.6655581605926;1
-23.03504769366;-42.9523114128748;1
-22.9549190741754;-43.0346625312393;1
-26.454285614404;-43.6076911835036;1
-25.547599082602;-43.6186234250751;1
-25.6748719400144;-43.4509768306515;1
-20.2397824219613;-43.2945671134137;1
-22.0917511601428;-42.7896366700482;1
-21.098075337288;-43.5062232816155;1
-21.1539792787069;-42.8111596046068;1
-21.3221397024217;-42.8184600513514;1
-27.4567494436431;-45.2789685899759;1
-26.9520884924345;-45.4107645737989;1
-26.7294185686528;-45.7822604504331;1
-27.1948683062544;-46.5407060675978;1
-26.5825461114676;-46.9134503681741;1
-27.2791626757379;-47.5894089171614;1
-29.8237665462418;-47.5253608904431;1
-28.7231109005972;-46.5771639936497;1
-28.6845765536114;-46.883931545021;1
-28.4638016384392;-46.7213184464356;1
-29.4563223512174;-46.6942487548544;1
-29.1327411304846;-46.4843723860031;1
-28.8153337122944;-47.6593449933731;1
-28.1024722932384;-48.0561157865711;1
-28.1712157177605;-48.0619240217199;1
-26.1910765600349;-47.8980869184705;1
-26.3073828147293;-48.0912857354112;1
-27.0266578146381;-48.7636554747651;1
-25.6883445082644;-49.7354994945859;1
-26.3896177785423;-49.5981210468328;1
-26.8074300590937;-49.4585963336092;1
-27.0707484414199;-49.4885371809306;1
-22.5238594471122;-44.2185445428912;1
-22.3386353684304;-45.4418554787719;1
-21.9251602757374;-46.065631520965;1
8.35590534766945;-49.4910222289576;1
9.42251884351602;-49.3568535565198;1
8.97236417931149;-49.4002407460475;1
7.48131748171585;-40.0393381249343;1
27.0343602248628;-43.4222823863022;1
6.73889859427646;-43.5503803070404;1
1.56261729614931;-41.1465749382724;1
1.52771527484419;-40.8484792713302;1
2.66984879629214;-40.3427585169406;1
2.44548651037994;-40.0018498254949;1
3.27679223999232;-41.8119426964838;1
8.0808227407191;-41.7611780072382;1
7.7028726682546;-41.855546083234;1
7.7067645814767;-42.0068086599963;1
8.16895616155534;-43.1668029460901;1
9.97497080824104;-43.290226428439;1
9.33367044633891;-42.7557098692077;1
8.95791975732796;-42.5459929753775;1
27.7291800443685;-44.7445154398421;1
28.859783699205;-45.8647165893878;1
29.7326368464775;-45.5413202967221;1
29.2529324531802;-45.487686333008;1
28.5407354955286;-43.7668781745093;1
29.7633011451751;-44.2878994691595;1
29.3473828394652;-44.3898669930128;1
28.9837001073098;-44.4352064255789;1
27.0853025545763;-41.5516348469777;1
29.2734156452461;-40.8738866871567;1
28.6682642803845;-41.0235779364703;1
28.2872447549772;-41.7410751579986;1
29.487951630488;-42.8136960942362;1
29.4200247150939;-42.5429910805742;1
28.8544856937856;-42.5614864530794;1
28.6188257479197;-42.3737298941117;1
29.82735148623;-48.273967415222;1
29.3563289844228;-49.0604289942702;1
29.8701640404156;-49.3189859573352;1
17.2262038044754;-43.1447016741823;1
18.5371380152819;-44.7007661800369;1
20.5188070379751;-44.2173007383092;1
19.1799109658133;-45.3588602670277;1
19.6467871077577;-44.4959032696187;1
19.6616447296281;-44.6667484588301;1
19.5149499687901;-44.6484176091144;1
18.3671779131364;-41.6283540574966;1
19.0684894887118;-42.2888338064257;1
18.1443740465419;-43.6431475838847;1
18.2664835957189;-43.4824042876635;1
18.8209328562119;-43.0963523094991;1
19.0453136381904;-43.6540138133122;1
27.2969812607844;-49.2010705448692;1
27.2596674027199;-49.6566498324539;1
21.3520953670852;-49.7390151302046;1
28.2489430616838;-48.3422737002104;1
28.2476495384461;-48.3382234295542;1
27.6723763894627;-46.4998343477491;1
27.0288281408273;-47.5961825612915;1
27.0456256144893;-47.6159577712491;1
27.5651900645183;-47.5016197457451;1
27.3668442561137;-47.7514069936012;1
21.9310702439077;-43.3874345679709;1
22.7305068321202;-42.5758771982863;1
25.9472572225832;-47.3532309557093;1
25.1739366050688;-44.6130384433144;1
26.0486491937417;-45.0377021008347;1
22.54603142503;-48.4471369713764;1
21.9124529193679;-48.7214083358279;1
22.199973544199;-48.6301578342124;1
25.0258443015748;-48.2775046575244;1
24.9886683258175;-48.4059316284982;1
23.8471347251195;-48.642630604395;1
23.5502166177846;-48.3599193852208;1
24.8019499214375;-47.2374286489735;1
24.1979577458454;-47.7123587661015;1
23.3402598618252;-47.4691241083057;1
21.81326491377;-47.4242114822493;1
22.5339834729834;-47.3648269275971;1
22.8559948750101;-46.8498575812438;1
22.7752976551537;-46.3778318494455;1
22.3219334205249;-46.4828309446959;1
25.4247734953765;-46.4277206251527;1
24.6884113152923;-45.81214397485;1
24.9072584486135;-45.9568747626417;1
21.3931416866338;-45.1945610787694;1
22.3203075268866;-44.4917108884508;1
21.8936189785104;-44.4826000437525;1
23.8128782500573;-42.7331909317212;1
23.7925179366919;-42.4123081669269;1
24.2826184324374;-43.4955593028551;1
23.5587193321244;-43.899985050736;1
23.7124225095438;-44.4766268061831;1
24.1263560085214;-44.7281601069161;1
23.1330582933189;-45.0749074411927;1
23.7714930501634;-45.3903692706443;1
8.97804372896349;-40.0114036770591;1
10.1011560298973;-41.1534835636399;1
9.71330402405621;-41.0441677742843;1
16.2527290108859;-42.2308147103669;1
12.3778232570634;-40.2485922166373;1
12.1622120971615;-40.2367026359945;1
11.0294671734001;-40.2746042005134;1
11.3721517293584;-40.3791880143709;1
16.1772957100427;-40.6055221057523;1
15.8221707892707;-40.7206343490261;1
15.1434181282033;-40.4755578611398;1
13.9255173708897;-40.3885053705371;1
14.5003489053344;-40.7438998626284;1
14.2850887515978;-40.8558925384916;1
13.5008364839018;-41.4329560247403;1
12.873622944054;-41.1872287426084;1
14.9934724182791;-42.0159426992833;1
14.2833231595733;-41.8413164335495;1
14.5239254667069;-43.5588489908533;1
12.6317984436787;-43.425692456507;1
13.274926758965;-43.0341189974147;1
13.4875892770885;-43.1384119871717;1
13.6210617533052;-42.5268392416308;1
13.2777686152969;-42.4602299893555;1
14.85450482222;-44.4315349470971;1
13.902466634243;-45.3915328697262;1
14.2716396806164;-45.0656996458143;1
11.9170346958176;-45.568615698986;1
12.3104900598109;-45.0635306421032;1
12.6855024149108;-44.2951345277462;1
13.0639206166677;-44.921080588792;1
13.4339981542127;-44.7267429878594;1
11.572210295858;-41.7180277973963;1
12.2285591914452;-42.4623702105425;1
11.4735070716001;-42.8388661531912;1
11.31826304892;-43.0207663322896;1
7.66722823384554;-48.1423786832683;1
7.98079428168982;-47.4147334263729;1
-2.4015691654764;-40.3906603578435;1
-1.92263828214381;-40.395308174377;1
-1.54918945932257;-40.0034685572625;1
-1.76657339174606;-40.1718219044487;1
-1.72789504366363;-40.1606957708302;1
-4.700139423227;-48.6814312910109;1
-4.62745820853275;-49.6726397423412;1
0.912477937951909;-49.825667622418;1
1.00981985731508;-49.8863180353708;1
0.704891640089865;-49.6698878750531;1
0.928921583541165;-49.5453038064508;1
3.05023886871069;-46.2591015762925;1
2.39473799820744;-47.0447313166432;1
2.4436817189882;-47.5717409083488;1
1.53107692093173;-47.0558299389928;1
1.14593542699979;-47.4568345339302;1
-1.92543803338215;-48.780072251698;1
-2.28436048714647;-48.3334453535888;1
0.394354504716745;-48.0410410687519;1
-0.0441285828333946;-48.9198189270309;1
-0.0928202318459839;-48.364730639553;1
-1.03879654362742;-48.560149040334;1
-1.13486525189824;-49.2049991708272;1
-0.664881072316728;-49.4880796221495;1
0.0904390728522273;-42.1431485061269;1
-0.416470770918053;-42.4819396214941;1
-0.968617215272328;-42.5524162047321;1
-1.23362259531097;-41.6876749376243;1
-0.559179852977014;-40.8420487683462;1
-0.536745800886653;-41.3116754923536;1
-1.83779017619686;-43.0601105341036;1
-2.26112520893157;-43.1921137651392;1
-3.09298330596321;-43.7399409728776;1
-3.30463376515761;-43.1191405156251;1
-2.1657911465344;-44.4447870386973;1
-3.51414046879585;-48.3052166264063;1
-2.88568542938944;-45.1022708486311;1
-3.93698557928995;-44.9881007219609;1
-3.61639644653368;-45.2254188178226;1
-3.36329890106027;-45.2228167444574;1
-3.9669783478449;-46.0750116296462;1
-4.33205613602514;-46.7581653719573;1
-3.96493483985073;-47.3080857225266;1
-3.85290332783615;-47.4064545973234;1
-2.42973817159875;-46.6590009893565;1
-0.0506409025055561;-45.3783335980858;1
-0.921685849745611;-45.9545620139477;1
-0.514634312370156;-45.9158022030796;1
-0.708675454700682;-45.8921260972936;1
-1.3081591442731;-45.1985268365585;1
-1.30054767769787;-45.6637898812368;1
-0.957367108649279;-46.6407846131552;1
-1.55205791422727;-46.6421069701398;1
1.23466466145341;-45.720159702804;1
1.01906490093985;-45.6734800458297;1
0.701170270657709;-44.964695947694;1
0.644037179017452;-44.6516877481023;1
0.722620147616894;-44.6671720941864;1
0.393825438988312;-44.0705114249468;1
-0.241158711836281;-43.7710143782995;1
-0.204206504954122;-44.2341460121023;1
-0.28273077229165;-44.5266156292179;1
2.06057803335626;-42.4812478816515;1
1.40210946621472;-43.9349918784271;1
2.42206490245744;-44.4075013205444;1
2.18487925463583;-44.7896798629266;1
1.8151598478738;-44.6490029174131;1
2.82414999456338;-43.7694466131597;1
2.23855849925362;-43.4447833678894;1
9.42397497567534;-47.1987726200366;1
20.1021766616507;-47.7759701794833;1
17.4167244077738;-49.8161315125488;1
19.099392587831;-49.8987172776362;1
19.5534685857377;-49.8711950191628;1
17.8902738857503;-47.6902769914317;1
17.745657222227;-48.8233165344332;1
17.7966776433385;-48.3057925562867;1
19.421646701834;-48.5962801047584;1
18.2763724533265;-49.5351512495126;1
18.712493157346;-48.9679606440328;1
15.6629501682068;-45.5745939051614;1
15.5744088280827;-45.548217033757;1
13.696439593889;-47.9119877693765;1
14.3087080606766;-48.0907882322049;1
14.3430160844433;-48.0643116161527;1
13.8612257707218;-49.0288809309848;1
14.6347289460873;-48.888263436448;1
14.6340558792623;-49.0683475458381;1
16.2312640744407;-49.310505981236;1
16.0444125654383;-49.1399855442066;1
15.9176379562903;-49.2824322028469;1
17.7055247257024;-46.5952945996985;1
15.4774348463292;-48.2551715282049;1
15.209045664039;-47.461609839211;1
16.0235230187064;-46.6031173740528;1
15.9632022613488;-47.1077920482996;1
15.8960674637445;-47.1502378290287;1
16.7856844453074;-47.0353732430541;1
16.8723604208195;-46.2299886933667;1
16.6437672854605;-46.4734431060373;1
12.7004373738079;-49.215759494908;1
12.5402124051658;-49.96829044538;1
12.0766419181957;-49.4853424045655;1
12.4057202145484;-48.2870115844007;1
12.4862601340219;-47.7948669706447;1
11.1656752792958;-49.3918769757226;1
11.628237842409;-48.4379688689662;1
11.3725777814968;-48.0178939914414;1
10.9913656958339;-48.7707160733504;1
10.8642971333416;-48.3239130062628;1
10.8925591785892;-47.9158765393849;1
10.6783909074396;-46.7641951687467;1
10.4979582040095;-46.2493220419853;1
9.94578622279027;-45.864736193728;1
8.60139860706469;-46.2438851810265;1
8.9532136260314;-45.7143921664517;1
9.33731215975122;-45.2300979361078;1
9.3570343308882;-45.6041152289156;1
3.47769480826226;-49.5580208997978;1
3.71874769857095;-49.3469407685785;1
5.48312775580358;-47.1814225600946;1
5.5938569715218;-47.2142623864181;1
4.4792124044519;-48.4872119214792;1
4.37680245115273;-48.7632822891526;1
4.13188921945724;-48.0452652592423;1
3.6118528403397;-48.0662182569812;1
5.61109863017271;-48.0896095922634;1
5.08732316786764;-49.30058639464;1
4.96260721001895;-49.197163753769;1
5.50305290869579;-48.8175785349764;1
5.89356974507383;-48.7593682942723;1
5.7545681743671;-48.7241852976029;1
7.89129033586536;-45.1781196776676;1
7.54949831289682;-45.5521479461119;1
7.58607556931026;-45.6714541398322;1
5.91300433311286;-46.263413022395;1
6.25070067879311;-45.8182749225843;1
6.45632519221694;-45.373221717483;1
6.77106730489576;-46.8238857746235;1
6.94158715053536;-46.2337099882931;1
4.9881738028434;-45.9657801017006;1
5.21918673776984;-45.2904586146076;1
4.63039718318284;-44.6601678173338;1
4.57731263459534;-43.899008186487;1
26.1454233509234;49.9201936786623;2
25.2144944831796;49.0063477163233;2
24.3767465345453;49.5589130416321;2
21.5751461645473;49.0885817069041;2
23.1557323472368;49.8480518766903;2
22.5605431816357;49.728196295783;2
5.33240375822987;48.4018705265605;2
4.35246302483252;49.680814915188;2
-4.57877614282946;48.7622987193811;2
-5.68821705676998;49.9126404383744;2
-5.13355224166697;49.5119783326574;2
-5.80518176583815;45.3822405288845;2
-5.40789724113787;45.7854914552465;2
-5.11027728911037;46.7623005606059;2
-4.97082929824052;47.5785287085821;2
-5.2884660732413;47.3432899673205;2
-9.54616166630115;41.3499138696817;2
-20.2459449089346;49.7439001732245;2
-18.5717866516541;49.0262045101385;2
-18.5546454920222;49.011696972424;2
-14.0527114942915;43.9609269024622;2
-13.435358201822;44.0323436837794;2
-6.53960104870591;40.0004955846819;2
-7.63828867936427;40.9228469202867;2
-8.66891721201544;40.1464703167539;2
-12.9019806268169;49.7533969067751;2
-13.0452117617453;49.6929193566055;2
-24.840986567941;49.3570749738054;2
-25.2966710810068;48.4493873773373;2
-28.7628184066912;49.3006147394425;2
-28.8487154798809;49.4480461531542;2
-27.8337704938994;49.8080318327099;2
-28.0322667015867;49.6121271418464;2
-27.0991037493102;49.8125219763315;2
-26.8005818486216;49.8497448022709;2
-12.4652168352461;40.5939351350972;2
-11.9317423654402;40.8631853716742;2
-12.164644357825;42.366002813152;2
-10.9849373628315;41.0018307999716;2
-11.8392437053096;41.7976316957724;2
-11.3994893903842;41.4191661921419;2
-12.8892856756641;41.7174435554619;2
-13.2067574668707;42.6057538867955;2
-9.63235336338745;48.4331147365426;2
-10.1195556764116;49.2284304924442;2
-10.0594237912723;49.2509803498401;2
-10.2215364203889;49.9674921575782;2
-10.2983226162839;49.7911668754142;2
-7.80199873158801;47.6837213466334;2
-7.58640729709827;48.2778440733803;2
-7.82150853323821;48.0501879556338;2
-8.58153084226955;49.5515389645247;2
-8.50850471225963;49.0610806453326;2
-7.10585831529734;49.3902112913272;2
-7.70378157389526;49.2729367172685;2
-14.3362606336997;46.8189886709764;2
-14.5106891284281;46.2845317210464;2
-14.7257961447936;46.5518615145943;2
-20.6432346024752;43.1585230087668;2
-11.6044415075353;48.6220471740803;2
-11.2275390053296;48.1956642019542;2
-12.0010631354531;47.4784949084178;2
-12.8054974893134;47.9203854631262;2
-13.1162997442839;48.2455459182363;2
-13.215061641864;48.3226913718147;2
-11.6933899008173;44.9983338150188;2
-10.7166559159368;43.6799146624654;2
-11.5730123322331;43.5345843916454;2
-11.6807727057863;44.0959667759463;2
-11.2440646259319;44.1056520138428;2
-13.007647871509;46.7280405977406;2
-12.992727888279;46.3783906476472;2
-12.268100931434;45.7642147437503;2
-11.8297576819685;46.226345145249;2
-9.50599209382478;43.1334392787579;2
-10.683142496591;45.9245886634684;2
-8.70449137813621;46.7402222318296;2
-9.25890889915587;47.111678713519;2
-10.2353664768093;47.0584414745953;2
-9.81703840187613;46.7735582249116;2
-10.3526433279517;45.0104682310533;2
-9.69620927222828;46.0046451054535;2
-9.79577155774262;45.5364630536812;2
-7.51688005287055;44.8196171619089;2
-8.39759383275993;45.0374857546005;2
-8.35657743660574;45.0170378037808;2
-5.8652680534242;43.8331410260094;2
-6.25408629712373;43.4537992735644;2
-9.39185923868411;44.5484288430533;2
-9.10655146423101;44.2269940181761;2
-8.12737795437099;43.5302195621329;2
-8.12415578315228;43.9769886871693;2
-7.21773652230284;43.818337076259;2
-7.41339375144495;43.0400111493841;2
-7.87789390323585;42.4003738455476;2
-7.67832718681466;42.3139071335615;2
-16.7867728074951;49.006267054475;2
-14.4531887417907;48.2411652422702;2
-14.4737075569451;49.2283379795162;2
-15.2011066606273;49.1839656229988;2
-19.0428732750206;42.5431548815887;2
-18.5147292765392;41.540506166192;2
-18.2165394947941;42.3130908479509;2
-18.2745895107624;42.8660939973155;2
-15.61630015523;44.0588558577275;2
-15.4921375426893;43.6618409043466;2
-15.5982481900594;43.33158677599;2
-17.583269694626;43.5528613224406;2
-16.442215762307;43.6473208124038;2
-16.8035715105029;43.782724181089;2
-16.6587857281132;43.8191588380463;2
-17.5893984025295;40.2746245592249;2
-17.5173867063212;40.8123194569779;2
-17.1083891704252;40.8690235022777;2
-17.1150112650893;40.7081930761729;2
-16.6844988086654;41.0060965553886;2
-16.7827109372163;40.8324171560036;2
-16.7696153310917;40.7159957106765;2
-15.6990234766617;40.9574323477957;2
-15.7035389755403;42.3745527921126;2
-15.7711709876411;41.9410335188457;2
-16.1396155069301;41.763597909251;2
-14.5563678464649;41.410528142662;2
-14.9824052327231;41.9967753961667;2
-18.5731877985286;47.5505754666173;2
-17.92898103964;47.0165565596039;2
-16.5746389080652;47.7938441037172;2
-15.6091773815496;47.8434406536834;2
-18.4735205715865;44.3390686178296;2
-19.3352460997809;45.8055331212494;2
-20.6109617327391;44.4564534604812;2
-20.7955409357304;44.9053543409823;2
-20.2938707593334;45.4147886090981;2
-19.7569105353937;45.1563821570745;2
-18.5210887382371;45.2210036223852;2
-18.5428248013104;45.4826572795783;2
-17.6117714623044;45.5626669132908;2
-18.2678615806009;45.9263566350221;2
-17.9830606598328;45.8803950370664;2
-16.1735011107165;46.4001113485545;2
-15.9799674646836;46.990786109581;2
-15.991902205158;46.9008310543843;2
-15.9953517494702;46.8495196741305;2
-16.8991924854457;46.3419650012357;2
-17.0161352898069;46.4724136872554;2
-16.6245029059353;45.3634648050011;2
-16.8691155625829;45.8050258903788;2
-23.5108272887351;48.7836034031508;2
-23.696057514146;48.5945248457578;2
-29.0051477490948;47.9929470447791;2
-22.365952437914;41.194041739774;2
-24.5207070906277;40.7099025746388;2
-23.2052876116733;41.7303698471423;2
-23.0101223443682;42.086347859393;2
-23.6752857610934;41.7152101321682;2
-23.8773564593295;41.3095227541912;2
-24.6876587042062;44.0958207538798;2
-24.8134400578278;44.1646876345224;2
-25.3640706349928;43.0745495497596;2
-25.3187511932658;43.8377016288404;2
-25.0748167722834;43.4443086681163;2
-24.7321949688402;42.779974342687;2
-24.1711895233817;42.4100539937662;2
-23.0523257856501;43.3149418203695;2
-23.5814487624827;44.1993579660539;2
-28.9816359518942;41.0929324622699;2
-28.7253224378104;40.7984846368425;2
-27.3104056330912;47.7693534958034;2
-20.3201597883926;47.6735731762245;2
-20.7840279167444;48.3821938458747;2
-26.0278914384674;45.5328813640088;2
-29.4528444201932;44.9653011862958;2
-29.6506407948447;45.2147416981006;2
-27.2973579435131;46.2687238986924;2
-28.8026471151051;45.5582957833811;2
-28.3922593846881;45.6542384790509;2
-27.693187733038;45.6708083980115;2
-28.0349213900207;45.7191579163629;2
-29.1480286322292;46.6251866503736;2
-27.7594233200696;46.7364346220793;2
-28.2403484537454;47.0316393193936;2
-28.2843310936747;46.5734438861597;2
-28.5777604573303;46.4715760836711;2
-28.5940618620226;46.2638920761011;2
-24.1429552501733;46.803119530344;2
-24.5538061086805;46.6191165086902;2
-24.7469661453492;46.6660679628449;2
-24.6886002713296;46.7568008679695;2
-23.6186386801389;47.3344418394074;2
-23.03504769366;47.0476885871252;2
-22.9549190741754;46.9653374687607;2
-26.454285614404;46.3923088164964;2
-25.547599082602;46.3813765749249;2
-25.6748719400144;46.5490231693485;2
-20.2397824219613;46.7054328865863;2
-22.0917511601428;47.2103633299518;2
-21.098075337288;46.4937767183845;2
-21.1539792787069;47.1888403953932;2
-21.3221397024217;47.1815399486486;2
-27.4567494436431;44.7210314100241;2
-26.9520884924345;44.5892354262011;2
-26.7294185686528;44.2177395495669;2
-27.1948683062544;43.4592939324022;2
-26.5825461114676;43.0865496318259;2
-27.2791626757379;42.4105910828386;2
-29.8237665462418;42.4746391095569;2
-28.7231109005972;43.4228360063503;2
-28.6845765536114;43.116068454979;2
-28.4638016384392;43.2786815535644;2
-29.4563223512174;43.3057512451456;2
-29.1327411304846;43.5156276139969;2
-28.8153337122944;42.3406550066269;2
-28.1024722932384;41.9438842134289;2
-28.1712157177605;41.9380759782801;2
-26.1910765600349;42.1019130815295;2
-26.3073828147293;41.9087142645888;2
-27.0266578146381;41.2363445252349;2
-25.6883445082644;40.2645005054141;2
-26.3896177785423;40.4018789531672;2
-26.8074300590937;40.5414036663908;2
-27.0707484414199;40.5114628190694;2
-22.5238594471122;45.7814554571088;2
-22.3386353684304;44.5581445212281;2
-21.9251602757374;43.934368479035;2
8.35590534766945;40.5089777710424;2
9.42251884351602;40.6431464434802;2
8.97236417931149;40.5997592539525;2
7.48131748171585;49.9606618750657;2
27.0343602248628;46.5777176136979;2
6.73889859427646;46.4496196929596;2
1.56261729614931;48.8534250617276;2
1.52771527484419;49.1515207286698;2
2.66984879629214;49.6572414830594;2
2.44548651037994;49.9981501745051;2
3.27679223999232;48.1880573035162;2
8.0808227407191;48.2388219927618;2
7.7028726682546;48.144453916766;2
7.7067645814767;47.9931913400037;2
8.16895616155534;46.8331970539099;2
9.97497080824104;46.709773571561;2
9.33367044633891;47.2442901307923;2
8.95791975732796;47.4540070246225;2
27.7291800443685;45.2554845601579;2
28.859783699205;44.1352834106122;2
29.7326368464775;44.4586797032779;2
29.2529324531802;44.512313666992;2
28.5407354955286;46.2331218254907;2
29.7633011451751;45.7121005308405;2
29.3473828394652;45.6101330069872;2
28.9837001073098;45.5647935744211;2
27.0853025545763;48.4483651530223;2
29.2734156452461;49.1261133128433;2
28.6682642803845;48.9764220635297;2
28.2872447549772;48.2589248420014;2
29.487951630488;47.1863039057638;2
29.4200247150939;47.4570089194258;2
28.8544856937856;47.4385135469206;2
28.6188257479197;47.6262701058883;2
29.82735148623;41.726032584778;2
29.3563289844228;40.9395710057298;2
29.8701640404156;40.6810140426648;2
17.2262038044754;46.8552983258177;2
18.5371380152819;45.2992338199631;2
20.5188070379751;45.7826992616908;2
19.1799109658133;44.6411397329723;2
19.6467871077577;45.5040967303813;2
19.6616447296281;45.3332515411699;2
19.5149499687901;45.3515823908856;2
18.3671779131364;48.3716459425034;2
19.0684894887118;47.7111661935743;2
18.1443740465419;46.3568524161153;2
18.2664835957189;46.5175957123365;2
18.8209328562119;46.9036476905009;2
19.0453136381904;46.3459861866878;2
27.2969812607844;40.7989294551308;2
27.2596674027199;40.3433501675461;2
21.3520953670852;40.2609848697954;2
28.2489430616838;41.6577262997896;2
28.2476495384461;41.6617765704458;2
27.6723763894627;43.5001656522509;2
27.0288281408273;42.4038174387085;2
27.0456256144893;42.3840422287509;2
27.5651900645183;42.4983802542549;2
27.3668442561137;42.2485930063988;2
21.9310702439077;46.6125654320291;2
22.7305068321202;47.4241228017137;2
25.9472572225832;42.6467690442907;2
25.1739366050688;45.3869615566856;2
26.0486491937417;44.9622978991653;2
22.54603142503;41.5528630286236;2
21.9124529193679;41.2785916641721;2
22.199973544199;41.3698421657876;2
25.0258443015748;41.7224953424756;2
24.9886683258175;41.5940683715018;2
23.8471347251195;41.357369395605;2
23.5502166177846;41.6400806147792;2
24.8019499214375;42.7625713510265;2
24.1979577458454;42.2876412338985;2
23.3402598618252;42.5308758916943;2
21.81326491377;42.5757885177507;2
22.5339834729834;42.6351730724029;2
22.8559948750101;43.1501424187562;2
22.7752976551537;43.6221681505545;2
22.3219334205249;43.5171690553041;2
25.4247734953765;43.5722793748473;2
24.6884113152923;44.18785602515;2
24.9072584486135;44.0431252373583;2
21.3931416866338;44.8054389212306;2
22.3203075268866;45.5082891115492;2
21.8936189785104;45.5173999562475;2
23.8128782500573;47.2668090682788;2
23.7925179366919;47.5876918330731;2
24.2826184324374;46.5044406971449;2
23.5587193321244;46.100014949264;2
23.7124225095438;45.5233731938169;2
24.1263560085214;45.2718398930839;2
23.1330582933189;44.9250925588073;2
23.7714930501634;44.6096307293557;2
8.97804372896349;49.9885963229409;2
10.1011560298973;48.8465164363601;2
9.71330402405621;48.9558322257157;2
16.2527290108859;47.7691852896331;2
12.3778232570634;49.7514077833627;2
12.1622120971615;49.7632973640055;2
11.0294671734001;49.7253957994866;2
11.3721517293584;49.6208119856291;2
16.1772957100427;49.3944778942477;2
15.8221707892707;49.2793656509739;2
15.1434181282033;49.5244421388602;2
13.9255173708897;49.6114946294629;2
14.5003489053344;49.2561001373716;2
14.2850887515978;49.1441074615084;2
13.5008364839018;48.5670439752597;2
12.873622944054;48.8127712573916;2
14.9934724182791;47.9840573007167;2
14.2833231595733;48.1586835664505;2
14.5239254667069;46.4411510091467;2
12.6317984436787;46.574307543493;2
13.274926758965;46.9658810025853;2
13.4875892770885;46.8615880128283;2
13.6210617533052;47.4731607583692;2
13.2777686152969;47.5397700106445;2
14.85450482222;45.5684650529029;2
13.902466634243;44.6084671302738;2
14.2716396806164;44.9343003541857;2
11.9170346958176;44.431384301014;2
12.3104900598109;44.9364693578968;2
12.6855024149108;45.7048654722538;2
13.0639206166677;45.078919411208;2
13.4339981542127;45.2732570121406;2
11.572210295858;48.2819722026037;2
12.2285591914452;47.5376297894575;2
11.4735070716001;47.1611338468088;2
11.31826304892;46.9792336677104;2
7.66722823384554;41.8576213167317;2
7.98079428168982;42.5852665736271;2
-2.4015691654764;49.6093396421565;2
-1.92263828214381;49.604691825623;2
-1.54918945932257;49.9965314427375;2
-1.76657339174606;49.8281780955513;2
-1.72789504366363;49.8393042291698;2
-4.700139423227;41.3185687089891;2
-4.62745820853275;40.3273602576588;2
0.912477937951909;40.174332377582;2
1.00981985731508;40.1136819646292;2
0.704891640089865;40.330112124947;2
0.928921583541165;40.4546961935492;2
3.05023886871069;43.7408984237075;2
2.39473799820744;42.9552686833568;2
2.4436817189882;42.4282590916512;2
1.53107692093173;42.9441700610072;2
1.14593542699979;42.5431654660698;2
-1.92543803338215;41.219927748302;2
-2.28436048714647;41.6665546464112;2
0.394354504716745;41.9589589312481;2
-0.0441285828333946;41.0801810729691;2
-0.0928202318459839;41.635269360447;2
-1.03879654362742;41.439850959666;2
-1.13486525189824;40.7950008291728;2
-0.664881072316728;40.5119203778505;2
0.0904390728522273;47.8568514938731;2
-0.416470770918053;47.5180603785059;2
-0.968617215272328;47.4475837952679;2
-1.23362259531097;48.3123250623757;2
-0.559179852977014;49.1579512316538;2
-0.536745800886653;48.6883245076464;2
-1.83779017619686;46.9398894658964;2
-2.26112520893157;46.8078862348608;2
-3.09298330596321;46.2600590271224;2
-3.30463376515761;46.8808594843749;2
-2.1657911465344;45.5552129613027;2
-3.51414046879585;41.6947833735937;2
-2.88568542938944;44.8977291513689;2
-3.93698557928995;45.0118992780391;2
-3.61639644653368;44.7745811821775;2
-3.36329890106027;44.7771832555426;2
-3.9669783478449;43.9249883703538;2
-4.33205613602514;43.2418346280427;2
-3.96493483985073;42.6919142774734;2
-3.85290332783615;42.5935454026766;2
-2.42973817159875;43.3409990106435;2
-0.0506409025055561;44.6216664019142;2
-0.921685849745611;44.0454379860523;2
-0.514634312370156;44.0841977969204;2
-0.708675454700682;44.1078739027064;2
-1.3081591442731;44.8014731634415;2
-1.30054767769787;44.3362101187632;2
-0.957367108649279;43.3592153868448;2
-1.55205791422727;43.3578930298602;2
1.23466466145341;44.279840297196;2
1.01906490093985;44.3265199541703;2
0.701170270657709;45.035304052306;2
0.644037179017452;45.3483122518977;2
0.722620147616894;45.3328279058136;2
0.393825438988312;45.9294885750532;2
-0.241158711836281;46.2289856217005;2
-0.204206504954122;45.7658539878977;2
-0.28273077229165;45.4733843707821;2
2.06057803335626;47.5187521183485;2
1.40210946621472;46.0650081215729;2
2.42206490245744;45.5924986794556;2
2.18487925463583;45.2103201370734;2
1.8151598478738;45.3509970825869;2
2.82414999456338;46.2305533868403;2
2.23855849925362;46.5552166321106;2
9.42397497567534;42.8012273799634;2
20.1021766616507;42.2240298205167;2
17.4167244077738;40.1838684874512;2
19.099392587831;40.1012827223638;2
19.5534685857377;40.1288049808372;2
17.8902738857503;42.3097230085683;2
17.745657222227;41.1766834655668;2
17.7966776433385;41.6942074437133;2
19.421646701834;41.4037198952417;2
18.2763724533265;40.4648487504874;2
18.712493157346;41.0320393559672;2
15.6629501682068;44.4254060948386;2
15.5744088280827;44.451782966243;2
13.696439593889;42.0880122306235;2
14.3087080606766;41.9092117677951;2
14.3430160844433;41.9356883838473;2
13.8612257707218;40.9711190690152;2
14.6347289460873;41.1117365635521;2
14.6340558792623;40.9316524541619;2
16.2312640744407;40.689494018764;2
16.0444125654383;40.8600144557934;2
15.9176379562903;40.7175677971531;2
17.7055247257024;43.4047054003015;2
15.4774348463292;41.7448284717951;2
15.209045664039;42.538390160789;2
16.0235230187064;43.3968826259472;2
15.9632022613488;42.8922079517004;2
15.8960674637445;42.8497621709713;2
16.7856844453074;42.9646267569459;2
16.8723604208195;43.7700113066333;2
16.6437672854605;43.5265568939627;2
12.7004373738079;40.784240505092;2
12.5402124051658;40.03170955462;2
12.0766419181957;40.5146575954345;2
12.4057202145484;41.7129884155993;2
12.4862601340219;42.2051330293553;2
11.1656752792958;40.6081230242774;2
11.628237842409;41.5620311310338;2
11.3725777814968;41.9821060085586;2
10.9913656958339;41.2292839266496;2
10.8642971333416;41.6760869937372;2
10.8925591785892;42.0841234606151;2
10.6783909074396;43.2358048312533;2
10.4979582040095;43.7506779580147;2
9.94578622279027;44.135263806272;2
8.60139860706469;43.7561148189735;2
8.9532136260314;44.2856078335483;2
9.33731215975122;44.7699020638922;2
9.3570343308882;44.3958847710844;2
3.47769480826226;40.4419791002022;2
3.71874769857095;40.6530592314215;2
5.48312775580358;42.8185774399054;2
5.5938569715218;42.7857376135819;2
4.4792124044519;41.5127880785208;2
4.37680245115273;41.2367177108474;2
4.13188921945724;41.9547347407577;2
3.6118528403397;41.9337817430188;2
5.61109863017271;41.9103904077366;2
5.08732316786764;40.69941360536;2
4.96260721001895;40.802836246231;2
5.50305290869579;41.1824214650236;2
5.89356974507383;41.2406317057277;2
5.7545681743671;41.2758147023971;2
7.89129033586536;44.8218803223324;2
7.54949831289682;44.4478520538881;2
7.58607556931026;44.3285458601679;2
5.91300433311286;43.7365869776051;2
6.25070067879311;44.1817250774157;2
6.45632519221694;44.626778282517;2
6.77106730489576;43.1761142253765;2
6.94158715053536;43.7662900117069;2
4.9881738028434;44.0342198982994;2
5.21918673776984;44.7095413853924;2
4.63039718318284;45.3398321826662;2
4.57731263459534;46.100991813513;2
-40.1072785025962;-24.3625739656214;3
-40.4505031232026;-25.2064232692152;3
-40.0216393265974;-25.9139157440113;3
-40.8487902585644;-5.74124857585004;3
-40.8852647807846;-4.87286384910013;3
-40.1900360501325;-5.18829953632704;3
-49.1220324948067;-13.3201539438777;3
-48.0457649184604;-12.8034360161067;3
-40.2432107507452;7.39873095294401;3
-41.0735467779793;6.60008969558407;3
-46.565309873114;-2.70942694168046;3
-42.1879399298634;-7.37993216020052;3
-44.4916268552149;-7.55460945775481;3
-43.2503402993317;-7.49593225191158;3
-43.5664335654892;-7.46331108615888;3
-43.8430688082441;-7.40225992975862;3
-44.0144992778145;-7.5804781343697;3
-43.2202681820934;-10.5851710124804;3
-43.8714887825174;-10.9433146477413;3
-41.2796777632459;-8.89698566817538;3
-40.3879372684229;-8.99900608649431;3
-41.2041170574744;-8.26699109667306;3
-40.7625377507706;-8.56632375091609;3
-42.2260387857566;-8.84065863622383;3
-42.3294128302156;-9.61870424431688;3
-42.0490792123829;-9.57176759819117;3
-41.1906675208317;-11.0991454874627;3
-49.830272658649;-23.4424052263808;3
-48.7276587396523;-22.8357495613563;3
-49.5044429691063;-22.5819328485904;3
-48.9795594098883;-22.1428634748528;3
-47.6285284979402;-18.3537988869258;3
-47.4970675387872;-18.0193476229996;3
-47.6899359178217;-19.4184125444938;3
-46.9732072842183;-19.2142098253659;3
-47.1482142792773;-19.6953386672285;3
-48.9458809601822;-19.7087392069906;3
-48.8675479352789;-19.6177809171461;3
-49.3845638024549;-18.5477144124674;3
-49.6837453822064;-18.3366947194267;3
-49.6952026196267;-18.3715441303195;3
-49.3651794266725;-17.3885215108229;3
-48.835020390728;-17.4819128436418;3
-47.9315664004216;-28.3522526446508;3
-48.1738122125034;-14.7410707104677;3
-47.2011262444785;-14.3654766792271;3
-49.970627757707;-15.1521653426588;3
-49.0285315872303;-15.5396760374027;3
-49.8025556187157;-15.9560699602384;3
-49.546527112623;-15.5364535029682;3
-46.312982317206;-15.5977569267143;3
-46.2797211978024;-16.1165571986309;3
-47.0274407263042;-15.8039831210878;3
-48.036089915799;-16.1214549122944;3
-47.6172564959234;-15.7526832473244;3
-47.0775361392077;-26.4363891894167;3
-47.8525018775149;-25.7508415429624;3
-47.7949358885153;-25.7040257359408;3
-47.8513981950709;-24.7858589863339;3
-47.9195644510535;-25.1260832581325;3
-47.797118489536;-25.0054970639783;3
-47.7807498014442;-23.9634206676685;3
-47.6165039127769;-24.255405913226;3
-46.9886237275734;-24.8208877699547;3
-46.8308228938053;-23.9890152001702;3
-46.2730481132274;-24.4629184782798;3
-49.2813907513774;-28.4129969675154;3
-49.398269629757;-27.5887262809969;3
-49.467905009849;-26.7515780016554;3
-49.5117914069033;-26.9312230855838;3
-49.7875537396351;-25.209092178945;3
-49.0867845151046;-25.7405845521673;3
-42.909964599139;-29.8097426722803;3
-40.4567220995467;-27.9398989947233;3
-41.4413174388191;-28.4340907812277;3
-42.0972125987044;-28.896789075293;3
-41.8167679020282;-29.3923036658169;3
-41.7410885690437;-29.2271701149769;3
-46.0899335081177;-29.9970264919088;3
-46.4448195353359;-29.1211780994763;3
-42.2023859257821;-12.2122394583245;3
-42.3394662897752;-12.6467522897975;3
-42.3506554227093;-12.9014269741724;3
-44.6008770002988;-12.2683878998591;3
-44.744820513178;-12.3349796339567;3
-43.4293375040541;-13.1926357202198;3
-44.0861453740327;-13.0885353605675;3
-44.0676905047464;-13.2855743185084;3
-42.4651590559935;-14.7696590352662;3
-42.0182876857083;-16.1416619485904;3
-41.6496372230582;-16.6558210768997;3
-40.9670070423591;-16.2741525966088;3
-40.4388592906477;-16.5084419616072;3
-40.4058016559136;-15.0097184744709;3
-40.4951953098621;-15.5770953677488;3
-40.4923957309185;-15.6957466274946;3
-40.8663416797604;-13.4245718938413;3
-40.6754571295695;-14.1193857342561;3
-41.2443360878361;-14.1889615655825;3
-41.1099566896958;-14.8147446498343;3
-41.364455847705;-14.5452688934958;3
-41.9539379244456;-27.2109074970758;3
-45.015470038641;-20.1883838373182;3
-45.5856900781326;-19.8312997584377;3
-45.3807267478577;-20.0006721215326;3
-48.0857882127565;-20.756963002848;3
-44.253464599258;-20.9232715288751;3
-45.1731327572712;-21.360894242004;3
-45.0073547638056;-23.5189135621856;3
-47.4260613077441;-21.5368311440278;3
-46.5910269443835;-21.9005167819096;3
-46.8999148983974;-21.4850028471486;3
-45.7833565705378;-22.0885877460654;3
-45.320906338897;-22.6804335101882;3
-40.028774752295;-19.6438044913317;3
-40.2918428230527;-20.0536422012624;3
-40.292058410259;-20.0293405773255;3
-40.8290259497375;-19.6650279451464;3
-41.2423280958283;-20.6828218282586;3
-41.0749638970359;-20.1595163113249;3
-40.8352219456971;-20.4355897709893;3
-43.0619603595985;-20.6278132137972;3
-43.1892838111097;-19.9434780375769;3
-42.9323799642419;-19.722069506404;3
-42.4204275256118;-19.5310291692293;3
-42.0338870594436;-19.8347553377202;3
-44.9342742492139;-18.2462464125111;3
-43.7221286276924;-18.8542720996096;3
-44.0648168949712;-18.5376575535804;3
-44.3113517967571;-18.2715915554536;3
-44.3980245266101;-18.3973095418873;3
-42.9189566443297;-16.7692018238684;3
-43.1845734702351;-17.4952592363093;3
-42.7172600676852;-17.4719266162589;3
-43.1045703697505;-18.1073639486485;3
-42.6152153232206;-18.5447293932292;3
-42.6094973192594;-18.385869696916;3
-45.1891442086497;-25.2299950249633;3
-43.168105717361;-22.6242964401023;3
-44.0828245152174;-22.9054712098583;3
-44.2705329248079;-22.5796937349158;3
-44.017738375821;-22.5562097656337;3
-44.0409053042722;-22.3451117856172;3
-41.3479245134387;-22.3284500149677;3
-41.7630588830277;-21.5776806285501;3
-41.0254775458134;-21.85578362637;3
-41.3000044093002;-21.7809470052742;3
-42.3259312390936;-24.8399132652394;3
-42.6897957048797;-24.1732855859088;3
-42.5609906867896;-24.4100852750289;3
-42.8832604376987;-25.2945569694483;3
-42.2947893209265;-25.863035887416;3
-42.3470603406183;-25.6945932170817;3
-41.8812511404423;-23.8077638641967;3
-42.5608785089855;-23.3295806186877;3
-42.0423904629622;-22.9398992065992;3
-44.8479203436747;-28.9540057345079;3
-44.8316966904475;-29.3179082122249;3
-42.9872263469674;-26.9120544273928;3
-43.6073491087218;-26.9461333737458;3
-43.1390541201174;-26.3512618543353;3
-43.4295801927473;-26.1411213391186;3
-43.5046059701148;-26.4014444762848;3
-44.1728987983302;-25.1829825226138;3
-44.1521128053554;-25.8035183678398;3
-44.3802087169048;-26.0816446114712;3
-45.7712430347555;-28.0358384540471;3
-44.882518059985;-28.0193272503183;3
-45.1108135120528;-26.928477732897;3
-44.420384198623;-27.3481253987868;3
-44.8451797360765;-27.2718228387049;3
-43.6698676197184;-14.4884005582372;3
-45.6608224733085;-13.8485143351595;3
-45.6421505546394;-14.4387275839405;3
-44.592719713502;-15.4304454500929;3
-44.8090107621667;-14.7410072035813;3
-40.9372089109091;27.3534782497927;3
-41.2399094697274;28.3691777746981;3
-40.6424294415128;29.5211620719736;3
-41.1407112754605;29.0883112601416;3
-40.2854592075038;19.5535490520082;3
-40.4857829075706;20.6901909181337;3
-44.9849268211913;17.1411089632386;3
-41.5801988270042;4.69619557014489;3
-46.7058944128016;12.3506488475719;3
-46.5431514831926;12.6700722811139;3
-48.516345889548;8.96266031030689;3
-47.4542993574656;9.31116908756605;3
-46.9716262803281;7.35807087149381;3
-47.1654546480465;8.27034388588292;3
-47.4184481880713;7.70719032627866;3
-47.8360225483012;8.83448212353256;3
-47.6955835184528;8.40066809132726;3
-47.8165320809076;8.0517900074142;3
-48.3732970703269;10.2325973195176;3
-49.5495596572522;7.61234339215436;3
-49.7656769770038;7.58335245660663;3
-49.0923010181134;9.71469905214138;3
-49.1244943575582;9.99640777706933;3
-49.2791453233357;9.29413901609095;3
-49.8580047720382;9.75111990224157;3
-49.7140551822791;9.44066331695796;3
-49.6265705533449;10.418607732476;3
-49.0238258750289;10.8187171820638;3
-49.1147667118883;10.5408052078173;3
-49.7629600762217;8.82945650202663;3
-49.2579331804337;8.28825944954914;3
-49.4090476024007;8.35385289897856;3
-49.7067247422909;12.1898359163617;3
-45.8517128815184;10.5738033636351;3
-45.3768542014886;10.8473174091649;3
-45.3062983626995;11.6393367953782;3
-45.5507722941929;11.2851569062495;3
-46.4507485630227;10.4413333909779;3
-46.6361730669794;10.6413493494696;3
-47.1679413119182;10.3682435864435;3
-47.3893767722833;10.9139320258582;3
-47.665317034193;11.4049863263057;3
-47.665891958245;11.097118044783;3
-47.6633279107806;11.9447166574861;3
-47.9881635066067;12.0993393576235;3
-48.83917461561;12.2861315227515;3
-48.8258198456959;11.7920248125643;3
-48.9364397800232;14.0066510364444;3
-48.6819585266905;13.2621799797109;3
-48.5256632131178;13.1330423723594;3
-48.5536899504036;13.0892396918914;3
-49.5761249072739;-1.6738115398557;3
-49.4920147487391;-2.46458744279322;3
-48.0789200952644;-3.96558829302228;3
-48.7231058947384;-2.65113287263137;3
-48.4351602887899;-3.26127923711262;3
-48.0868481230395;1.32602173431126;3
-48.2928184225656;0.93829294244679;3
-47.7707504843225;2.18078883000686;3
-47.9352952437174;3.37600147974491;3
-48.3823117932222;2.48873165458848;3
-48.0904708002184;2.89594367747006;3
-40.0394498091375;4.27260318504302;3
-40.1087695267558;3.66079804192334;3
-40.1693833154484;3.38876144652663;3
-42.8857495975149;4.22919283352289;3
-42.5242491962967;3.41079031741749;3
-42.7610003076312;1.63954207284355;3
-41.7255354820404;3.02458038228777;3
-41.0479295817427;3.14023916290153;3
-41.2799487455189;3.04973466929502;3
-41.3510635035816;3.10439973748494;3
-41.910476997453;1.79540291977833;3
-41.7230592117287;1.99950924701966;3
-41.747508338535;2.10949434531364;3
-40.8043438991552;2.32176934011363;3
-40.9789406652464;1.63103935850367;3
-40.3784699926053;1.53290736094718;3
-46.6160348787047;6.02787063272105;3
-46.7805237494318;5.54753198081047;3
-49.6724868983368;4.31494749817762;3
-49.7320432307814;3.92543087430552;3
-49.6155312888397;4.0248503880691;3
-49.8004411858509;3.34977470028669;3
-49.3379819064112;3.19728818405294;3
-47.0446834885723;4.58528846250162;3
-48.7539765745187;4.68873274265264;3
-48.0446435967668;5.55813981013286;3
-47.9971767766388;5.28237022239825;3
-48.2225410166301;4.83319872749652;3
-47.8115192604305;4.83015534227255;3
-46.6326285929571;3.21877832208703;3
-44.5293083342394;7.38332032104177;3
-45.0401931186394;7.37391373020314;3
-45.5154972176605;7.56035416273416;3
-44.9343624268353;5.57693145031898;3
-44.7663150889642;6.39004872943742;3
-44.2371145609008;6.60595088107788;3
-45.0340344174924;4.59512392738607;3
-45.9013162068563;4.71294873147875;3
-49.4549030947755;-4.69356270259878;3
-49.1146097840344;-5.42507547672143;3
-49.1355733429713;-5.01187419286551;3
-48.9302414604138;-4.80385220367641;3
-49.2197918655443;-6.97379022695766;3
-48.6541933792896;-6.39378912578979;3
-45.0084401504176;-2.270001588515;3
-43.4437813067081;-1.38058761664693;3
-43.6847849440224;-1.06871806600537;3
-44.130135543705;-1.74275168764533;3
-43.9239458012972;-2.23933030489801;3
-42.8226798972221;0.473516467247862;3
-42.9482516566982;-0.38118385261911;3
-42.6213933865639;-0.394197874886075;3
-44.8831382882237;0.211824313836093;3
-46.3995989721267;0.224914527602923;3
-46.392762906101;0.102226822684624;3
-46.9488983168029;-0.00999710988719116;3
-46.7254405546586;0.0628093863198593;3
-45.656164263215;0.0713956682343948;3
-46.2528133421451;-1.08229702854636;3
-45.4809475715649;-0.613625091786322;3
-45.2180265240455;-1.19116101935094;3
-45.602732741089;-1.35251290693531;3
-45.5605498168434;-1.33690046674428;3
-45.9675302943064;2.29344317330673;3
-44.5963225162571;3.55499207673361;3
-44.6358534575607;1.26192082244061;3
-44.2282671361362;2.03899309599726;3
-44.6974733586877;2.10598249552119;3
-44.8926604701638;2.08987351138605;3
-44.8795633087305;1.9969674348817;3
-45.3609651910891;3.33127776781622;3
-45.0471217953819;2.84030622469275;3
-40.0445605255871;-3.24792178033288;3
-40.1245112578033;-2.92611799804779;3
-46.5843320156375;-11.1993643274528;3
-46.2355656252408;-11.7599331036955;3
-41.434476385561;-1.1673664726165;3
-40.6585584677097;-0.226212605008023;3
-41.1444902844469;-0.449444647156376;3
-45.216757946283;-3.98273928742052;3
-44.7942225564244;-4.32095821682409;3
-44.8301558498434;-4.04088027497794;3
-42.6829222276262;-2.34919721835721;3
-41.8033481723645;-2.15316160216609;3
-41.0380844916394;-2.34221562386593;3
-44.1686376995261;-5.7946806102035;3
-42.3895083052989;-3.44756343096847;3
-42.4042651953196;-3.28930220254199;3
-43.7356540717816;-4.02872483899292;3
-43.5077977289948;-4.2863529987104;3
-43.0138275506971;-3.41169419391625;3
-43.7417502811839;-3.31288767667156;3
-43.4404942781853;-3.62469137349385;3
-43.9582165535345;-4.90964953550587;3
-43.3423689628683;-5.18841716236827;3
-46.5177585773718;-4.63803589094339;3
-46.9467954509644;-5.42419934432218;3
-46.8740107709887;-5.36608791694328;3
-47.3421185823819;-6.23443858522663;3
-47.2392263669703;-5.8059378973236;3
-47.6027166925383;-5.6468648536349;3
-45.1536143082909;-5.727372083686;3
-45.085772385395;-5.49481321847756;3
-45.1181125757834;-5.35275658376178;3
-46.3540259638587;-6.1380678769844;3
-45.6611630579742;-6.4500697778771;3
-46.2029560870505;-7.08997754244599;3
-45.9775446755707;-7.00115384394357;3
-45.7220093560042;-10.5489922317439;3
-45.4049563619331;-9.95400593613927;3
-45.1595611847749;-9.84470767893117;3
-45.2586763190379;-9.85264182083897;3
-46.9288353887055;-8.79249365012743;3
-46.3545629923952;-8.81868262720233;3
-46.0423477161873;-9.27720435861368;3
-46.7861093193228;-7.92051202520752;3
-47.8005952517505;-7.30365491346626;3
-47.7764642880189;-7.08504697172206;3
-47.9305449491043;-8.68283206535635;3
-47.7403692937178;-8.11607512557697;3
-47.5820229237816;-8.02895457392044;3
-47.5997080316766;-10.0104793440599;3
-48.8420542976084;-10.1103490777828;3
-49.7439669397399;-10.3279106786139;3
-49.9093870585362;-10.1654925291266;3
-49.8554568550808;-8.90623431601852;3
-49.1791361287139;-9.33414799130249;3
-49.5324780510424;-9.24423640558694;3
-49.7871851500995;-9.46298396189836;3
-48.4405391004125;-11.048861947399;3
-49.7807627589352;-11.3035892701259;3
-49.2273451058321;-11.5527027014423;3
-49.4304243519113;-11.4807022090446;3
-44.7395637839751;23.1205503703656;3
-45.7631293571382;22.5737923162867;3
-45.0894576334811;22.1299470458785;3
-45.0931966421628;24.9477073899227;3
-44.745380787526;24.909124372019;3
-43.3811159959906;23.734993354294;3
-42.854396175991;22.8766275443493;3
-43.3164739950171;23.0790986181605;3
-40.121097392459;24.7566798770598;3
-41.4041423059088;24.5314902414249;3
-40.7975842528034;24.0380862979396;3
-40.2219559532692;23.8585323811781;3
-43.1617554711;28.3523747969197;3
-42.9370294571561;28.5084467001764;3
-42.9729646504731;28.579784184033;3
-42.4760969786328;27.1466528331612;3
-42.6790804381851;27.6689677767777;3
-43.1046413784403;27.7248719137743;3
-42.3037840483262;26.3668673654864;3
-42.6191518747337;24.8646447690505;3
-42.5832751824443;25.5366008242297;3
-42.3629715351215;25.6761939058435;3
-46.716387102714;28.747001252485;3
-47.1503301044695;28.5203814406509;3
-47.1742019602909;28.1575161396328;3
-43.7531137530474;29.7639712503943;3
-43.5036593785061;29.9315779376456;3
-45.2581982432204;29.9791886564247;3
-44.5924189149367;29.9889010470309;3
-46.7035894033981;29.8049529454694;3
-45.9480361761283;29.4758426302466;3
-45.2944288986243;28.9690685733077;3
-45.2879825072773;29.0358253750186;3
-47.7977954679158;24.0376023268502;3
-48.0952977752757;24.1572270608308;3
-48.092440915337;24.0701818345441;3
-46.4180841187099;24.3664838719957;3
-44.555025200618;27.9434488983562;3
-44.2745894958613;28.0848894911282;3
-47.4122845928242;25.370027877097;3
-47.5335177767712;25.1037937379925;3
-46.1843097192162;26.3412677479634;3
-46.2839635956492;25.6376203036111;3
-46.6865926127353;25.370582954665;3
-46.6765706318787;25.5058820990407;3
-45.4002615275794;27.6560378529392;3
-45.3204397136906;27.6281509537381;3
-46.4302551403783;27.3092337871479;3
-45.8555920402778;27.0718699959441;3
-48.3743241514891;28.4634010393468;3
-49.4667636414369;29.0984688136254;3
-49.6389617489832;28.8481909962595;3
-49.5165172915517;28.875131857989;3
-49.6720444502644;27.6727628510784;3
-49.8081192466468;26.6882769189255;3
-49.7938030677819;25.8036884366552;3
-49.1401644279902;26.1424498428323;3
-42.7498605860164;21.402263851558;3
-49.8341912915158;17.9576822686743;3
-43.5070133737787;14.7240421477352;3
-42.7298230411158;14.8389645502153;3
-42.9619068014258;15.2257787367449;3
-42.7870385641172;15.2386200638668;3
-45.8814110122069;14.0597398039232;3
-45.1614362025454;14.6855027716074;3
-45.069411795153;15.1083622710353;3
-44.656570327774;15.112512710091;3
-46.3003331219313;16.1023280798003;3
-45.8284715497068;15.4711722514923;3
-43.8768502342873;8.69771815775788;3
-44.6269069167911;9.3312997926638;3
-43.4443882589435;13.4657407847539;3
-43.0877488214;12.9668030808525;3
-42.8947002593869;9.44584526095811;3
-41.3448216260154;9.67539259217465;3
-40.9528969279271;9.02664418286953;3
-40.4942732958562;9.46630568218711;3
-41.8257810603016;8.07591712012697;3
-41.9759376589097;8.14111449669167;3
-42.5793457555488;8.64690605487996;3
-41.9555860673802;9.10557427401914;3
-42.7875122068392;11.7952860155121;3
-43.11362282518;11.8754020062626;3
-42.7520684538186;11.1695280769698;3
-41.863177857298;11.4218861430054;3
-42.1289660325874;11.1317899549062;3
-43.3375048652932;10.2586414293659;3
-43.6385073064074;10.9991823234592;3
-48.9184712147892;22.7016204189051;3
-48.9493429190243;21.5671490745466;3
-48.4640046527907;20.2931630752483;3
-49.2161118468345;20.6963242640236;3
-42.291211831519;16.6151117377985;3
-41.821918418548;16.2669971614457;3
-40.0853413949187;13.1178234345828;3
-40.1909190510357;14.6310812815237;3
-40.0966625474844;14.7420535165547;3
-41.0345803438847;15.5261509984388;3
-40.2301957086801;15.7576206353296;3
-41.2115821946466;14.5447368102822;3
-41.0311869583238;13.6008544096727;3
-49.5517342721819;16.6161209748202;3
-41.9388036811439;20.2298756550205;3
-46.9340735845892;21.7322830444818;3
-47.0001771892422;14.8709694505068;3
-47.1342495815522;17.5223127787571;3
-47.7624398180109;16.763064622303;3
-47.6015295635916;17.0606439221001;3
-48.3866932980654;16.0414390573471;3
-48.0955312997548;15.3034527997037;3
-44.111266040295;20.4112231593631;3
-46.3035847555397;18.301127733803;3
-46.6053922272312;20.5986884192558;3
-46.264401216183;19.6670644402816;3
-47.202510273644;19.936148230888;3
-46.8712565008883;19.1739852117253;3
-47.1860499573807;19.4732755094177;3
-47.4088647902984;19.4469914536211;3
-45.2056037658852;19.873950374254;3
-42.5010879302868;17.9043438043;3
-43.7155392364206;17.9591480400223;3
-42.6194461400711;18.9521013987028;3
-44.4538679600013;19.1283438210973;3
-43.0712982840237;19.6918332156222;3
-43.7161878886242;18.8667235005958;3
-43.6531962098802;19.432931956571;3
-49.9417734658074;1.28845018860346;3
-49.9088074033655;-0.208192882225006;3
-48.4659234892884;-0.567873954106066;3
49.8927214974038;-24.3625739656214;4
49.5494968767974;-25.2064232692152;4
49.9783606734026;-25.9139157440113;4
49.1512097414356;-5.74124857585004;4
49.1147352192154;-4.87286384910013;4
49.8099639498675;-5.18829953632704;4
40.8779675051933;-13.3201539438777;4
41.9542350815396;-12.8034360161067;4
49.7567892492548;7.39873095294401;4
48.9264532220207;6.60008969558407;4
43.434690126886;-2.70942694168046;4
47.8120600701366;-7.37993216020052;4
45.5083731447851;-7.55460945775481;4
46.7496597006683;-7.49593225191158;4
46.4335664345108;-7.46331108615888;4
46.1569311917559;-7.40225992975862;4
45.9855007221855;-7.5804781343697;4
46.7797318179066;-10.5851710124804;4
46.1285112174826;-10.9433146477413;4
48.7203222367542;-8.89698566817538;4
49.6120627315771;-8.99900608649431;4
48.7958829425256;-8.26699109667306;4
49.2374622492294;-8.56632375091609;4
47.7739612142434;-8.84065863622383;4
47.6705871697844;-9.61870424431688;4
47.9509207876171;-9.57176759819117;4
48.8093324791683;-11.0991454874627;4
40.169727341351;-23.4424052263808;4
41.2723412603477;-22.8357495613563;4
40.4955570308937;-22.5819328485904;4
41.0204405901117;-22.1428634748528;4
42.3714715020598;-18.3537988869258;4
42.5029324612128;-18.0193476229996;4
42.3100640821783;-19.4184125444938;4
43.0267927157817;-19.2142098253659;4
42.8517857207227;-19.6953386672285;4
41.0541190398178;-19.7087392069906;4
41.1324520647211;-19.6177809171461;4
40.6154361975451;-18.5477144124674;4
40.3162546177936;-18.3366947194267;4
40.3047973803733;-18.3715441303195;4
40.6348205733275;-17.3885215108229;4
41.164979609272;-17.4819128436418;4
42.0684335995784;-28.3522526446508;4
41.8261877874966;-14.7410707104677;4
42.7988737555215;-14.3654766792271;4
40.029372242293;-15.1521653426588;4
40.9714684127697;-15.5396760374027;4
40.1974443812843;-15.9560699602384;4
40.453472887377;-15.5364535029682;4
43.687017682794;-15.5977569267143;4
43.7202788021976;-16.1165571986309;4
42.9725592736958;-15.8039831210878;4
41.963910084201;-16.1214549122944;4
42.3827435040766;-15.7526832473244;4
42.9224638607923;-26.4363891894167;4
42.1474981224851;-25.7508415429624;4
42.2050641114847;-25.7040257359408;4
42.1486018049291;-24.7858589863339;4
42.0804355489465;-25.1260832581325;4
42.202881510464;-25.0054970639783;4
42.2192501985558;-23.9634206676685;4
42.3834960872231;-24.255405913226;4
43.0113762724266;-24.8208877699547;4
43.1691771061947;-23.9890152001702;4
43.7269518867726;-24.4629184782798;4
40.7186092486226;-28.4129969675154;4
40.601730370243;-27.5887262809969;4
40.532094990151;-26.7515780016554;4
40.4882085930967;-26.9312230855838;4
40.2124462603649;-25.209092178945;4
40.9132154848954;-25.7405845521673;4
47.090035400861;-29.8097426722803;4
49.5432779004533;-27.9398989947233;4
48.5586825611809;-28.4340907812277;4
47.9027874012956;-28.896789075293;4
48.1832320979718;-29.3923036658169;4
48.2589114309563;-29.2271701149769;4
43.9100664918823;-29.9970264919088;4
43.5551804646641;-29.1211780994763;4
47.7976140742179;-12.2122394583245;4
47.6605337102248;-12.6467522897975;4
47.6493445772907;-12.9014269741724;4
45.3991229997012;-12.2683878998591;4
45.255179486822;-12.3349796339567;4
46.5706624959459;-13.1926357202198;4
45.9138546259673;-13.0885353605675;4
45.9323094952536;-13.2855743185084;4
47.5348409440065;-14.7696590352662;4
47.9817123142917;-16.1416619485904;4
48.3503627769418;-16.6558210768997;4
49.0329929576409;-16.2741525966088;4
49.5611407093523;-16.5084419616072;4
49.5941983440864;-15.0097184744709;4
49.5048046901379;-15.5770953677488;4
49.5076042690815;-15.6957466274946;4
49.1336583202396;-13.4245718938413;4
49.3245428704305;-14.1193857342561;4
48.7556639121639;-14.1889615655825;4
48.8900433103042;-14.8147446498343;4
48.635544152295;-14.5452688934958;4
48.0460620755544;-27.2109074970758;4
44.984529961359;-20.1883838373182;4
44.4143099218674;-19.8312997584377;4
44.6192732521423;-20.0006721215326;4
41.9142117872435;-20.756963002848;4
45.746535400742;-20.9232715288751;4
44.8268672427288;-21.360894242004;4
44.9926452361944;-23.5189135621856;4
42.5739386922559;-21.5368311440278;4
43.4089730556165;-21.9005167819096;4
43.1000851016026;-21.4850028471486;4
44.2166434294622;-22.0885877460654;4
44.679093661103;-22.6804335101882;4
49.971225247705;-19.6438044913317;4
49.7081571769473;-20.0536422012624;4
49.707941589741;-20.0293405773255;4
49.1709740502625;-19.6650279451464;4
48.7576719041717;-20.6828218282586;4
48.9250361029641;-20.1595163113249;4
49.1647780543029;-20.4355897709893;4
46.9380396404015;-20.6278132137972;4
46.8107161888903;-19.9434780375769;4
47.0676200357581;-19.722069506404;4
47.5795724743882;-19.5310291692293;4
47.9661129405564;-19.8347553377202;4
45.0657257507861;-18.2462464125111;4
46.2778713723076;-18.8542720996096;4
45.9351831050288;-18.5376575535804;4
45.6886482032429;-18.2715915554536;4
45.6019754733899;-18.3973095418873;4
47.0810433556703;-16.7692018238684;4
46.8154265297649;-17.4952592363093;4
47.2827399323148;-17.4719266162589;4
46.8954296302495;-18.1073639486485;4
47.3847846767794;-18.5447293932292;4
47.3905026807406;-18.385869696916;4
44.8108557913503;-25.2299950249633;4
46.831894282639;-22.6242964401023;4
45.9171754847826;-22.9054712098583;4
45.7294670751921;-22.5796937349158;4
45.982261624179;-22.5562097656337;4
45.9590946957278;-22.3451117856172;4
48.6520754865613;-22.3284500149677;4
48.2369411169723;-21.5776806285501;4
48.9745224541866;-21.85578362637;4
48.6999955906998;-21.7809470052742;4
47.6740687609064;-24.8399132652394;4
47.3102042951203;-24.1732855859088;4
47.4390093132104;-24.4100852750289;4
47.1167395623013;-25.2945569694483;4
47.7052106790735;-25.863035887416;4
47.6529396593817;-25.6945932170817;4
48.1187488595577;-23.8077638641967;4
47.4391214910145;-23.3295806186877;4
47.9576095370378;-22.9398992065992;4
45.1520796563253;-28.9540057345079;4
45.1683033095525;-29.3179082122249;4
47.0127736530326;-26.9120544273928;4
46.3926508912782;-26.9461333737458;4
46.8609458798826;-26.3512618543353;4
46.5704198072527;-26.1411213391186;4
46.4953940298852;-26.4014444762848;4
45.8271012016698;-25.1829825226138;4
45.8478871946446;-25.8035183678398;4
45.6197912830952;-26.0816446114712;4
44.2287569652445;-28.0358384540471;4
45.117481940015;-28.0193272503183;4
44.8891864879472;-26.928477732897;4
45.579615801377;-27.3481253987868;4
45.1548202639235;-27.2718228387049;4
46.3301323802816;-14.4884005582372;4
44.3391775266915;-13.8485143351595;4
44.3578494453606;-14.4387275839405;4
45.407280286498;-15.4304454500929;4
45.1909892378333;-14.7410072035813;4
49.0627910890909;27.3534782497927;4
48.7600905302726;28.3691777746981;4
49.3575705584872;29.5211620719736;4
48.8592887245395;29.0883112601416;4
49.7145407924962;19.5535490520082;4
49.5142170924294;20.6901909181337;4
45.0150731788087;17.1411089632386;4
48.4198011729958;4.69619557014489;4
43.2941055871984;12.3506488475719;4
43.4568485168074;12.6700722811139;4
41.483654110452;8.96266031030689;4
42.5457006425344;9.31116908756605;4
43.0283737196719;7.35807087149381;4
42.8345453519535;8.27034388588292;4
42.5815518119287;7.70719032627866;4
42.1639774516988;8.83448212353256;4
42.3044164815473;8.40066809132726;4
42.1834679190924;8.0517900074142;4
41.6267029296731;10.2325973195176;4
40.4504403427478;7.61234339215436;4
40.2343230229962;7.58335245660663;4
40.9076989818866;9.71469905214138;4
40.8755056424418;9.99640777706933;4
40.7208546766643;9.29413901609095;4
40.1419952279618;9.75111990224157;4
40.2859448177209;9.44066331695796;4
40.3734294466551;10.418607732476;4
40.9761741249711;10.8187171820638;4
40.8852332881117;10.5408052078173;4
40.2370399237783;8.82945650202663;4
40.7420668195663;8.28825944954914;4
40.5909523975993;8.35385289897856;4
40.2932752577091;12.1898359163617;4
44.1482871184816;10.5738033636351;4
44.6231457985114;10.8473174091649;4
44.6937016373005;11.6393367953782;4
44.4492277058071;11.2851569062495;4
43.5492514369773;10.4413333909779;4
43.3638269330206;10.6413493494696;4
42.8320586880818;10.3682435864435;4
42.6106232277167;10.9139320258582;4
42.334682965807;11.4049863263057;4
42.334108041755;11.097118044783;4
42.3366720892194;11.9447166574861;4
42.0118364933933;12.0993393576235;4
41.16082538439;12.2861315227515;4
41.1741801543041;11.7920248125643;4
41.0635602199769;14.0066510364444;4
41.3180414733095;13.2621799797109;4
41.4743367868822;13.1330423723594;4
41.4463100495964;13.0892396918914;4
40.4238750927261;-1.6738115398557;4
40.5079852512609;-2.46458744279322;4
41.9210799047356;-3.96558829302228;4
41.2768941052616;-2.65113287263137;4
41.5648397112101;-3.26127923711262;4
41.9131518769605;1.32602173431126;4
41.7071815774344;0.93829294244679;4
42.2292495156775;2.18078883000686;4
42.0647047562826;3.37600147974491;4
41.6176882067778;2.48873165458848;4
41.9095291997816;2.89594367747006;4
49.9605501908625;4.27260318504302;4
49.8912304732442;3.66079804192334;4
49.8306166845516;3.38876144652663;4
47.1142504024851;4.22919283352289;4
47.4757508037033;3.41079031741749;4
47.2389996923688;1.63954207284355;4
48.2744645179596;3.02458038228777;4
48.9520704182573;3.14023916290153;4
48.7200512544811;3.04973466929502;4
48.6489364964184;3.10439973748494;4
48.089523002547;1.79540291977833;4
48.2769407882713;1.99950924701966;4
48.252491661465;2.10949434531364;4
49.1956561008448;2.32176934011363;4
49.0210593347536;1.63103935850367;4
49.6215300073947;1.53290736094718;4
43.3839651212953;6.02787063272105;4
43.2194762505682;5.54753198081047;4
40.3275131016632;4.31494749817762;4
40.2679567692187;3.92543087430552;4
40.3844687111603;4.0248503880691;4
40.1995588141491;3.34977470028669;4
40.6620180935888;3.19728818405294;4
42.9553165114277;4.58528846250162;4
41.2460234254813;4.68873274265264;4
41.9553564032332;5.55813981013286;4
42.0028232233612;5.28237022239825;4
41.7774589833699;4.83319872749652;4
42.1884807395695;4.83015534227255;4
43.3673714070429;3.21877832208703;4
45.4706916657606;7.38332032104177;4
44.9598068813606;7.37391373020314;4
44.4845027823395;7.56035416273416;4
45.0656375731647;5.57693145031898;4
45.2336849110358;6.39004872943742;4
45.7628854390992;6.60595088107788;4
44.9659655825077;4.59512392738607;4
44.0986837931437;4.71294873147875;4
40.5450969052245;-4.69356270259878;4
40.8853902159656;-5.42507547672143;4
40.8644266570287;-5.01187419286551;4
41.0697585395862;-4.80385220367641;4
40.7802081344557;-6.97379022695766;4
41.3458066207104;-6.39378912578979;4
44.9915598495824;-2.270001588515;4
46.5562186932919;-1.38058761664693;4
46.3152150559776;-1.06871806600537;4
45.869864456295;-1.74275168764533;4
46.0760541987028;-2.23933030489801;4
47.1773201027779;0.473516467247862;4
47.0517483433018;-0.38118385261911;4
47.3786066134361;-0.394197874886075;4
45.1168617117763;0.211824313836093;4
43.6004010278733;0.224914527602923;4
43.607237093899;0.102226822684624;4
43.0511016831971;-0.00999710988719116;4
43.2745594453414;0.0628093863198593;4
44.343835736785;0.0713956682343948;4
43.7471866578549;-1.08229702854636;4
44.5190524284351;-0.613625091786322;4
44.7819734759545;-1.19116101935094;4
44.3972672589111;-1.35251290693531;4
44.4394501831566;-1.33690046674428;4
44.0324697056936;2.29344317330673;4
45.4036774837429;3.55499207673361;4
45.3641465424393;1.26192082244061;4
45.7717328638638;2.03899309599726;4
45.3025266413123;2.10598249552119;4
45.1073395298362;2.08987351138605;4
45.1204366912695;1.9969674348817;4
44.6390348089109;3.33127776781622;4
44.9528782046181;2.84030622469275;4
49.9554394744129;-3.24792178033288;4
49.8754887421967;-2.92611799804779;4
43.4156679843625;-11.1993643274528;4
43.7644343747592;-11.7599331036955;4
48.565523614439;-1.1673664726165;4
49.3414415322903;-0.226212605008023;4
48.8555097155531;-0.449444647156376;4
44.783242053717;-3.98273928742052;4
45.2057774435756;-4.32095821682409;4
45.1698441501566;-4.04088027497794;4
47.3170777723738;-2.34919721835721;4
48.1966518276355;-2.15316160216609;4
48.9619155083606;-2.34221562386593;4
45.8313623004739;-5.7946806102035;4
47.6104916947011;-3.44756343096847;4
47.5957348046804;-3.28930220254199;4
46.2643459282184;-4.02872483899292;4
46.4922022710052;-4.2863529987104;4
46.9861724493029;-3.41169419391625;4
46.2582497188161;-3.31288767667156;4
46.5595057218147;-3.62469137349385;4
46.0417834464655;-4.90964953550587;4
46.6576310371317;-5.18841716236827;4
43.4822414226282;-4.63803589094339;4
43.0532045490356;-5.42419934432218;4
43.1259892290113;-5.36608791694328;4
42.6578814176181;-6.23443858522663;4
42.7607736330297;-5.8059378973236;4
42.3972833074617;-5.6468648536349;4
44.8463856917091;-5.727372083686;4
44.914227614605;-5.49481321847756;4
44.8818874242166;-5.35275658376178;4
43.6459740361413;-6.1380678769844;4
44.3388369420259;-6.4500697778771;4
43.7970439129495;-7.08997754244599;4
44.0224553244293;-7.00115384394357;4
44.2779906439958;-10.5489922317439;4
44.5950436380669;-9.95400593613927;4
44.8404388152251;-9.84470767893117;4
44.7413236809621;-9.85264182083897;4
43.0711646112945;-8.79249365012743;4
43.6454370076048;-8.81868262720233;4
43.9576522838127;-9.27720435861368;4
43.2138906806772;-7.92051202520752;4
42.1994047482495;-7.30365491346626;4
42.2235357119811;-7.08504697172206;4
42.0694550508957;-8.68283206535635;4
42.2596307062822;-8.11607512557697;4
42.4179770762184;-8.02895457392044;4
42.4002919683234;-10.0104793440599;4
41.1579457023917;-10.1103490777828;4
40.2560330602601;-10.3279106786139;4
40.0906129414638;-10.1654925291266;4
40.1445431449192;-8.90623431601852;4
40.8208638712861;-9.33414799130249;4
40.4675219489576;-9.24423640558694;4
40.2128148499005;-9.46298396189836;4
41.5594608995875;-11.048861947399;4
40.2192372410648;-11.3035892701259;4
40.7726548941679;-11.5527027014423;4
40.5695756480887;-11.4807022090446;4
45.2604362160249;23.1205503703656;4
44.2368706428618;22.5737923162867;4
44.9105423665189;22.1299470458785;4
44.9068033578372;24.9477073899227;4
45.254619212474;24.909124372019;4
46.6188840040094;23.734993354294;4
47.145603824009;22.8766275443493;4
46.6835260049829;23.0790986181605;4
49.878902607541;24.7566798770598;4
48.5958576940912;24.5314902414249;4
49.2024157471966;24.0380862979396;4
49.7780440467308;23.8585323811781;4
46.8382445289;28.3523747969197;4
47.0629705428439;28.5084467001764;4
47.0270353495269;28.579784184033;4
47.5239030213672;27.1466528331612;4
47.3209195618149;27.6689677767777;4
46.8953586215597;27.7248719137743;4
47.6962159516738;26.3668673654864;4
47.3808481252663;24.8646447690505;4
47.4167248175557;25.5366008242297;4
47.6370284648785;25.6761939058435;4
43.283612897286;28.747001252485;4
42.8496698955305;28.5203814406509;4
42.8257980397091;28.1575161396328;4
46.2468862469526;29.7639712503943;4
46.4963406214939;29.9315779376456;4
44.7418017567796;29.9791886564247;4
45.4075810850633;29.9889010470309;4
43.2964105966019;29.8049529454694;4
44.0519638238717;29.4758426302466;4
44.7055711013757;28.9690685733077;4
44.7120174927227;29.0358253750186;4
42.2022045320842;24.0376023268502;4
41.9047022247243;24.1572270608308;4
41.907559084663;24.0701818345441;4
43.5819158812901;24.3664838719957;4
45.444974799382;27.9434488983562;4
45.7254105041388;28.0848894911282;4
42.5877154071758;25.370027877097;4
42.4664822232288;25.1037937379925;4
43.8156902807838;26.3412677479634;4
43.7160364043508;25.6376203036111;4
43.3134073872647;25.370582954665;4
43.3234293681213;25.5058820990407;4
44.5997384724206;27.6560378529392;4
44.6795602863094;27.6281509537381;4
43.5697448596217;27.3092337871479;4
44.1444079597222;27.0718699959441;4
41.6256758485109;28.4634010393468;4
40.5332363585631;29.0984688136254;4
40.3610382510168;28.8481909962595;4
40.4834827084483;28.875131857989;4
40.3279555497356;27.6727628510784;4
40.1918807533532;26.6882769189255;4
40.2061969322181;25.8036884366552;4
40.8598355720098;26.1424498428323;4
47.2501394139836;21.402263851558;4
40.1658087084842;17.9576822686743;4
46.4929866262213;14.7240421477352;4
47.2701769588842;14.8389645502153;4
47.0380931985742;15.2257787367449;4
47.2129614358828;15.2386200638668;4
44.1185889877931;14.0597398039232;4
44.8385637974546;14.6855027716074;4
44.930588204847;15.1083622710353;4
45.343429672226;15.112512710091;4
43.6996668780687;16.1023280798003;4
44.1715284502932;15.4711722514923;4
46.1231497657127;8.69771815775788;4
45.3730930832089;9.3312997926638;4
46.5556117410565;13.4657407847539;4
46.9122511786;12.9668030808525;4
47.1052997406131;9.44584526095811;4
48.6551783739846;9.67539259217465;4
49.0471030720729;9.02664418286953;4
49.5057267041438;9.46630568218711;4
48.1742189396984;8.07591712012697;4
48.0240623410903;8.14111449669167;4
47.4206542444512;8.64690605487996;4
48.0444139326198;9.10557427401914;4
47.2124877931608;11.7952860155121;4
46.88637717482;11.8754020062626;4
47.2479315461814;11.1695280769698;4
48.136822142702;11.4218861430054;4
47.8710339674126;11.1317899549062;4
46.6624951347068;10.2586414293659;4
46.3614926935926;10.9991823234592;4
41.0815287852108;22.7016204189051;4
41.0506570809757;21.5671490745466;4
41.5359953472093;20.2931630752483;4
40.7838881531655;20.6963242640236;4
47.708788168481;16.6151117377985;4
48.178081581452;16.2669971614457;4
49.9146586050813;13.1178234345828;4
49.8090809489643;14.6310812815237;4
49.9033374525157;14.7420535165547;4
48.9654196561153;15.5261509984388;4
49.7698042913199;15.7576206353296;4
48.7884178053534;14.5447368102822;4
48.9688130416762;13.6008544096727;4
40.4482657278181;16.6161209748202;4
48.0611963188561;20.2298756550205;4
43.0659264154108;21.7322830444818;4
42.9998228107578;14.8709694505068;4
42.8657504184478;17.5223127787571;4
42.2375601819891;16.763064622303;4
42.3984704364084;17.0606439221001;4
41.6133067019346;16.0414390573471;4
41.9044687002452;15.3034527997037;4
45.888733959705;20.4112231593631;4
43.6964152444603;18.301127733803;4
43.3946077727688;20.5986884192558;4
43.735598783817;19.6670644402816;4
42.797489726356;19.936148230888;4
43.1287434991117;19.1739852117253;4
42.8139500426193;19.4732755094177;4
42.5911352097016;19.4469914536211;4
44.7943962341148;19.873950374254;4
47.4989120697132;17.9043438043;4
46.2844607635794;17.9591480400223;4
47.3805538599289;18.9521013987028;4
45.5461320399987;19.1283438210973;4
46.9287017159763;19.6918332156222;4
46.2838121113758;18.8667235005958;4
46.3468037901199;19.432931956571;4
40.0582265341926;1.28845018860346;4
40.0911925966345;-0.208192882225006;4
41.5340765107116;-0.567873954106066;4
-10.1229724544673;14.2317005196734;5
-13.6552028165456;8.30806048741008;5
-14.5025738745474;8.97884113433717;5
13.62983370136;-13.9699494973616;5
13.6484906303922;-12.6032116346076;5
14.6781644922114;-12.1812869828107;5
14.9350820202078;-12.9569578720056;5
14.743975815244;6.55891171729141;5
14.3094128739598;7.87881031766479;5
14.4272428468928;7.31554064076186;5
14.710012357547;7.37102675827733;5
10.7875730822736;12.2657451207124;5
14.1436223774886;9.77677452600411;5
13.5426512772882;10.3450954590668;5
14.6367078226231;12.3783399385299;5
14.3341321401923;11.9292661905891;5
12.6072472415898;12.0190431489698;5
13.0727116754617;14.7605810359868;5
12.1883732672727;13.6767391248964;5
11.5778661736184;14.5441556300708;5
11.2802715908178;14.184588887349;5
-10.3920139583722;10.1465815376242;5
-12.6483355405034;10.3481621320118;5
-11.7554136443676;11.3508102094526;5
-11.848028757073;10.7835745372733;5
-12.4204932839705;13.0712249214161;5
-14.3814092033456;12.9018442183276;5
-14.4243577399405;13.3441384594627;5
-14.0161333507933;13.8363814255392;5
-13.9168852469497;14.4240954981298;5
-13.5495518746551;14.4375659289945;5
-13.4002909243108;14.5492344068127;5
-2.31372910426638;-14.0179192270236;5
-3.26980052435296;-14.9985132459544;5
-4.33445860600772;-14.5605890497382;5
-2.28938807141473;11.2868961581434;5
11.8962589683459;7.76307549921939;5
11.3652534160601;7.27236840514111;5
11.9064391250286;6.80042720483636;5
9.1835889565682;10.1149378275103;5
14.4298918496025;-2.59414976816352;5
14.8663184232387;-1.62396089016644;5
14.6264662265901;-1.46305899902389;5
-3.93894695161793;-7.79887846335716;5
-3.83916359340733;-8.05827859931545;5
1.52511943435535;-3.77730472887741;5
4.66865607987561;-0.690293808323467;5
3.94564516793268;-0.534359033002685;5
2.60959336888492;-0.871375843822666;5
3.22816259610847;-1.119665152449;5
3.77474915644841;-1.65644383833578;5
3.79303778465513;-2.01436241949646;5
4.97289311139513;-2.59420858118413;5
4.6785171654441;-1.81234568674692;5
4.4766068130157;-2.1431764993552;5
3.12535033939655;-2.45482476775294;5
2.4940869014217;-2.89734030510175;5
5.24897910200477;-3.74796612595579;5
4.30069930353234;-3.73165554307944;5
3.47079357526768;-3.70112996487931;5
2.95650216655643;-3.79023906718485;5
6.34275120745541;2.11459641676144;5
7.42725241110998;1.70539515870875;5
5.95851734790882;-1.70584709695813;5
7.13581984030819;-0.197098937443037;5
6.71699907710636;0.819771036421773;5
6.53196030833384;0.236758233623931;5
6.15524502990546;-0.190591926309555;5
6.95123331712151;-1.17459860917861;5
7.8314750841034;-1.72378171548423;5
7.78720441404134;-1.64465110127099;5
5.33919545371979;-5.29258550624018;5
4.71198748783767;-6.59631786010988;5
3.99039714084491;-7.24420027911859;5
3.38553365244788;-5.47165732387065;5
2.74156387790179;-6.54426768028376;5
2.7969284857609;-6.64278715925421;5
1.19736899910372;-6.13419394992953;5
0.765538460465864;-6.16748981697834;5
1.2218408594941;-7.71522272504644;5
0.572967713499894;-7.37050360179064;5
3.83361411692277;-9.42713604980481;5
2.80554931508636;-9.26882877679022;5
2.06594460972862;-9.13579577772682;5
1.80592642016985;-9.19865477094364;5
2.54366158393382;-12.9017591839199;5
2.48130360500948;-12.5914912613069;5
1.73884740413113;-13.6740626993934;5
1.85937384928548;-13.0408223057356;5
2.23960620222595;-10.4616357644376;5
2.18840122557636;-11.2898468674579;5
2.7515264543479;-11.4527356049291;5
2.94678487253691;-11.2781048828168;5
2.87728408718355;-11.1725558928086;5
-2.3500697116135;-11.0442938730327;5
0.197177252358372;-9.12312320625555;5
-1.75707023439792;-9.91564987921885;5
-1.14218024357324;-10.0003360607663;5
-0.962719016691073;-11.3402167550941;5
-0.0464101159229919;-10.0941919186591;5
-0.519398271813708;-10.680447121002;5
-0.0220642914166973;-11.7594567810928;5
-0.567432625949118;-12.6149975124816;5
-0.332440536158364;-13.4642388664485;5
0.456238968975955;-14.477002867254;5
0.50490992865754;-14.6589541061125;5
0.352445820044933;-14.0096636251591;5
0.464460791770582;-13.6359114193525;5
14.913675743115;-9.82190224566586;5
14.1244715308419;-10.0268211006312;5
14.123824769223;-10.0146702886627;5
6.27010620258288;-14.9048713361401;5
11.9235673625598;-10.927891813185;5
12.5129221507874;-9.83251397257322;5
12.4943341629088;-10.2177948854947;5
10.956226459684;-11.1642250074838;5
11.0999867720995;-10.8904735026371;5
11.273015712515;-10.3414109141293;5
11.7751083088923;-10.0797581556625;5
9.710823350917;-10.788840314275;5
8.87282861111352;-11.4699496032996;5
9.35624657867302;-11.9038819320984;5
8.89833882166927;-9.91737766886008;5
5.49568284791693;-11.3121482200511;5
6.2028601072742;-9.86103475320201;5
5.43214856667078;-9.97173901878844;5
5.81411892120452;-10.3139066068986;5
5.44627958929459;-8.74762961815467;5
5.68628889074842;-9.05368197432425;5
7.73871742316462;-9.76551458461467;5
6.24313006701094;-8.38460091193421;5
6.84821979694451;-8.73596330812944;5
7.15435403033828;-9.27236469661461;5
7.17150804222166;-9.19293484845801;5
4.17795267383472;-13.4730666868729;5
4.71125942175801;-13.0705606695593;5
4.48618208965575;-13.2007222381424;5
6.03832095909785;-13.4560272136964;5
5.58283763964792;-13.1756309271677;5
6.35021868690393;-12.6472784847241;5
8.02220628271914;-12.4199566326197;5
8.11563203722035;-12.931517943708;5
7.95881897814517;-12.8472966085408;5
7.31736447304365;-11.6647903093439;5
6.93061288536089;-12.0866427929544;5
7.31702793963115;-12.2050426375144;5
10.6760476835426;-14.2170453906139;5
9.13818622666327;-13.6054537485379;5
8.7083622038869;-14.4483945376465;5
9.54969629391548;-14.6961518329085;5
9.77673429286887;-14.6135850574885;5
11.4279974375051;-5.54957274373135;5
11.3876488275768;-4.13349554833653;5
11.1609667102624;-4.44849283408769;5
13.8361881947313;-4.49950304324716;5
12.7123867476882;-4.28316187545804;5
12.3442056576462;-2.43643192455006;5
12.4536292243067;-2.87062428792502;5
9.58995548290664;-1.07658080108305;5
11.8857465250817;-1.17110781193297;5
10.6965708433169;-0.583683236308248;5
11.5665291466594;-0.224722323578188;5
12.5869683025344;1.16088467005681;5
12.0631780042607;0.815519679251835;5
11.8562112547719;1.57011958145076;5
11.1601537634433;1.52486733464751;5
10.9468094892552;1.55219986874247;5
10.2594035189875;2.34809778507245;5
9.26856900764097;0.897701459889163;5
9.82339355387883;1.51229019114388;5
9.83082236481403;0.99975462350983;5
9.75747498439507;1.05474717265682;5
13.0243245968708;-0.113106302504011;5
13.8645900221842;0.766453680473591;5
14.8816505725876;2.13630159252151;5
14.6736914197326;1.83039902096167;5
14.4918500536549;1.69438072326331;5
8.43618021040977;-3.68996608010026;5
8.85276236285118;-4.78588379909558;5
8.01176150935318;-4.80935212215844;5
8.32188364273025;-4.42032931811192;5
7.6045228320195;-7.38482951763311;5
8.39284222265372;-6.10611972916225;5
7.98160113067441;-6.32337614489876;5
7.94803373187223;-6.45071348708622;5
12.0989788729227;-8.1370762983044;5
11.6701299309126;-7.40737232491717;5
10.906632456885;-7.2726344467479;5
11.2669917364917;-7.09448078279127;5
13.6834221280568;-8.25422098080358;5
13.7825950322592;-7.50485923723544;5
13.5144140704136;-7.7885476838744;5
13.5228128072446;-7.84787331374729;5
12.4009749607188;-6.71228594692065;5
12.9736286112916;-7.05969286712804;5
8.94513694287517;-8.07083097429519;5
10.0510883308254;-8.32791053844984;5
9.13324179785943;4.55278713700957;5
9.52265681909521;4.03795856006349;5
9.07218702327096;4.07055724834584;5
9.41046642810594;5.7109430715027;5
8.61310190223768;5.56589497745312;5
11.7793596660622;3.30004484779204;5
12.1413092162187;4.51332209143477;5
10.9655351219538;4.83769629608733;5
14.2703677477643;3.69936547647201;5
13.5171801124314;4.73315284109356;5
3.85338229073835;8.97957402001115;5
3.8514363341273;9.43336175029788;5
4.04041137035955;9.71646597828551;5
1.63839611999616;9.56417191054866;5
2.66620187911494;10.2056115796816;5
1.22274325518997;14.9944505235154;5
1.33492439814607;13.9717244491781;5
2.17623151241626;14.0424447455641;5
-2.55513864455518;5.28690168181755;5
-1.6523168825788;5.64257845312477;5
-0.918895088098429;5.81966839768909;5
-1.13056260446578;5.42365870458244;5
-7.23685377847257;12.6850139385485;5
-7.60055333031367;12.5518968689963;5
-8.39338640374755;12.0188011634251;5
-9.28589332582703;12.0786135304154;5
-9.27732274601111;12.0350909172721;5
1.03028901667813;7.55625635504548;5
0.0452195364261136;8.57055448161929;5
-0.208235385459027;7.55418113551763;5
-0.484308607636164;7.34275138580368;5
-0.616811297655483;9.936975187127;5
-0.268372900443326;11.0649735229392;5
-0.279589926488507;12.4738536949613;5
0.781308648074656;11.5602751851828;5
0.763857637422094;12.4545621860095;5
-1.2007845827382;13.8280189264696;5
-0.961319141071904;13.814075476869;5
-0.774594729661287;14.9895943282124;5
-0.883286695873032;14.4845342866539;5
-0.863947521831815;14.5179126875093;5
-6.45099031340843;14.2601907203254;5
-6.52260588087263;14.0787580698164;5
-2.84410852838499;14.7379213151233;5
-5.11076821019443;14.9024764727347;5
-5.14916130814197;14.3735006262425;5
-2.56677612083348;13.5359349979721;5
-5.05977783820581;12.6852914773325;5
-5.02971189563615;12.7529410495204;5
-4.29076542113478;13.654616893574;5
-4.25425235612982;12.1832419359978;5
-3.55292915764867;13.1706338739817;5
-3.85189078694763;12.8188101518056;5
-1.98246741992536;-6.92425716757973;5
-1.92645166391807;-7.21936379197024;5
9.5342447443559;8.13349858072284;5
5.05057801494867;11.5395493090803;5
4.8566520120281;11.867496677147;5
3.74065874085792;14.8819856251972;5
4.48902186448175;14.9657889688228;5
5.78610514792898;9.84591660781108;5
8.12636450544296;8.30755586889924;5
7.49673620913957;8.95217190215;5
7.14166157978664;9.47605069935138;5
6.75041824195088;10.701131925779;5
6.43681147202701;11.4383137721747;5
6.18891162853172;14.2542233500882;5
6.08110604858077;14.2898920920165;5
5.51473358670005;14.1761873984599;5
5.68607586467921;13.8624359568872;5
7.25017445266721;12.7683004121149;5
7.14254437579892;12.4323223845252;5
6.96275868544483;13.8344838883888;5
7.57170906410166;13.5733264165806;5
8.08864785502136;13.1834336827432;5
7.91108539463537;12.8380969529218;5
-4.75299604691239;-5.59968216372639;5
-3.70669687572247;-5.87996655184774;5
-5.78650616611657;-4.39624682506372;5
-5.35832795796838;-3.96025601260376;5
-5.84669495040863;-0.00499855494359558;5
-5.17632166397586;0.0314046931599297;5
-3.75844002643527;-0.54114851427318;5
-4.19879691637997;0.112457263801462;5
-4.17828871830287;0.0511134113423122;5
-2.16602806801257;-5.27449611587194;5
-1.21486908579938;-4.97700296806963;5
-0.47868355432464;-4.92235383946558;5
-0.776028957113637;-4.92632091041949;5
-1.98348917392245;-3.22503488893855;5
-4.06368897718549;-4.40934131360116;5
-3.12704314856187;-4.63860217930684;5
-4.69592961934206;-1.35471347084023;5
-4.55327573211551;-2.31901794547169;5
-2.9326340267121;-3.50057692197178;5
-3.60886826115142;-3.54498877122299;5
-4.06207789157614;-3.0690339384922;5
-7.79912409502972;-5.00523967202997;5
-5.84038635289314;-2.71209967216109;5
-5.62203231296597;-2.68304395847164;5
-8.791634847313;-4.34141603267818;5
-7.74606877134464;-4.01447728696022;5
-8.22110788115352;-4.05803756278848;5
-8.40178575525144;-3.65182745673313;5
-8.32939286405658;-3.54252348586103;5
-7.808150077615;-2.82343242681745;5
-7.02635574714577;-3.11721929261332;5
-6.71767910091098;-2.9029689486618;5
3.36944929713823;4.34885907887894;5
6.11427959572258;7.61288936837245;5
6.81053087665259;7.41948227510764;5
6.63888430764847;7.61931003193339;5
4.66683522316946;6.73287039237696;5
4.47895987866398;7.36202107386758;5
4.98748540412052;5.12932071468295;5
4.08447808077767;5.49959116172958;5
7.26196273335347;4.32345302743998;5
5.73675353580003;6.48340154042626;5
5.65913152445999;5.93770100313132;5
6.31589922183934;4.72292263047905;5
6.63746337948249;5.89764300775605;5
6.74379463854423;5.5847640384849;5
-2.90259088291907;1.14672158665337;5
-2.70394862056894;2.35647436573937;5
-1.54649165298161;3.78017708136708;5
2.31519859159142;1.01949654799863;5
1.11927924962681;4.6656498963319;5
-1.0828955732672;1.66563888390811;5
2.28865631729767;3.30297544053894;5
-0.120579355918141;3.68695686510157;5
0.350585135328854;0.105912156918047;5
1.21103245122872;1.77749603836681;5
-0.141365386145825;1.42015311234638;5
0.322018589508726;1.04493675569302;5
0.361310073808447;0.998483717440852;5
1.09243962731792;0.630960411220306;5
0.907579923936902;1.05299124776059;5
1.41207499728169;3.69166016052089;5
0.701054733107359;3.19502436471871;5
-0.102103252477061;2.29756196369303;5
0.196912719494156;2.78846572515949;5
-0.650273838848936;-1.99136964371026;5
-0.460842924872805;-2.863686041843;5
-0.257317156185078;-2.74740660923878;5
-0.354337727350341;-2.67637829188089;5
0.617332330726706;-2.16047910841204;5
0.509532450469925;-2.02044013748897;5
-1.96849278964498;0.0356978341171974;5
-1.44284271469472;-0.306812545893161;5
-1.80819822326684;-0.676256453467653;5
-1.68164945053013;-0.668450233372138;5
-0.025320451252778;-1.1350007942575;5
-0.654079572136551;-0.595580509675472;5
-3.81914433968214;-12.2314592391399;5
-12.2603535453139;-12.8702922760836;5
-12.8441722541322;-14.2064984837577;5
-13.1948088892711;-13.7943631404985;5
-13.4037150295469;-13.3757890008277;5
-13.53537422071;-13.4656115427919;5
-13.513328907319;-11.2909664242952;5
-14.4908179759471;-11.7212026131904;5
-14.3626612189052;-12.6045460894725;5
-11.2619297235561;2.34436637132632;5
-5.11768323840466;6.17532442378594;5
-4.62945444957793;6.33503614055693;5
-4.3522456890681;5.22066669548893;5
-4.90851920093806;5.32067467473479;5
-10.549037668644;4.48133015515345;5
-10.1198912109807;5.11629865975878;5
-8.79469920126474;-14.1761263223254;5
-7.84951173833083;-12.127702956613;5
-8.34224940433272;-11.9817103338343;5
-8.55750563254464;-12.8754207714812;5
-8.38480766554587;-12.8520128679704;5
-8.75869335316061;-12.5630416290662;5
-8.39135546860814;-12.5027485319892;5
-8.5541945852126;-12.3929294931669;5
-4.89788577887131;1.60938916104352;5
-6.134050465717;2.29264423125081;5
-4.84810463611414;3.01393531636053;5
-5.34157124829552;2.77376599040523;5
-8.96449051982001;6.04966967881176;5
-8.08675055535825;4.20033404566363;5
-8.44959624272287;4.0258950037071;5
-8.50806764490347;4.41724106176628;5
-7.98998373234178;5.97235832874307;5
-7.99595110257899;5.70249316315283;5
-7.99767587473508;5.54855902239148;5
-6.50382393575451;5.18412179322174;5
-7.16813031684986;5.45696601292908;5
-5.91487884098425;3.6790354357469;5
-6.4963639441395;4.13517194294146;5
-7.25534456421404;3.85359516313933;5
-7.36289807239682;4.65558454378303;5
-13.639581337869;-7.76822675148408;5
-14.4076668561472;-7.97803498011922;5
-14.9118832731209;-7.57608267132942;5
-14.0512361466192;-9.16834735971333;5
-14.0856078588802;-9.18577206515976;5
-13.0955382800175;-8.69426075541147;5
-13.1536914073646;-9.27385720623371;5
-10.3977704678652;-0.283936977053033;5
-10.1469353796667;1.24436582729424;5
-9.66762304989045;2.41659936374826;5
-8.43455778129145;2.41507767113628;5
-9.13393079030045;2.77906990506643;5
-8.99153032991641;2.64118511119912;5
-9.26054436911854;0.663010867155629;5
-9.87845526769685;0.469146471223395;5
-8.31225145296764;1.09039441500343;5
-8.80588573115221;1.68800073987246;5
-9.27141240065518;1.44797183873503;5
-10.3216173012376;-5.52443097369952;5
-9.23676028579323;-1.98279414651114;5
-11.1693176842152;-1.32556643631568;5
-10.3054808663695;-1.63063961855631;5
-14.7264222100966;-0.104096441112503;5
-14.8253203974223;0.64422509430173;5
-13.0139457192337;1.59864409202647;5
-14.4013235575526;1.67488735014335;5
-14.1961296923441;1.96271543715276;5
-13.846593866519;2.01242519403455;5
-14.0174606950104;2.15747374908881;5
-11.182976218957;-11.4178747806781;5
-11.9386782296648;-11.0714317374264;5
-11.526162892825;-5.05517453889138;5
-12.5374083861417;-4.66707399565125;5
-13.5974341531272;-4.62211820279347;5
-14.7281611756087;-5.08274626456329;5
-14.3422882768057;-5.65179463506294;5
-14.2319008192196;-5.16395533930694;5
-14.3615554502986;-4.73149198094918;5
-14.5663705652423;-4.45311715800926;5
-12.3660974844201;-6.66007697193887;5
-12.6820353174964;-5.77635135072114;5
-13.2912730557338;-5.74035110452229;5
-12.0855947616909;-7.76983801870134;5
-11.5050611721841;-8.74095642182089;5
-11.8376428805467;-9.85436960349529;5
-11.6026438058366;-9.80889045857307;5
-10.9625801378687;-3.1968945628949;5
-13.4760442462173;-1.23229372139661;5
-13.7283747218216;-0.836905769927849;5
-13.3647092843264;-2.34678135129939;5
-12.6593755966329;-3.48689511347883;5
-11.7907243812414;-2.4019261018382;5
-12.3438293521031;-2.71253773836072;5
-12.4067200289139;-2.50593709643275;5
-6.0823221789125;-7.90199156054388;5
-6.60337873343536;-7.18273833961354;5
-9.25736463826958;-10.378481501424;5
-6.23260841762303;-13.2181945947084;5
-5.49246868141576;-11.9945076000851;5
-5.96587118272012;-12.4104438849773;5
-7.27818392323246;-10.7684155720139;5
-5.91962185265479;-9.60710491268295;5
-6.44464283783205;-9.84766933361426;5
-4.77308083315058;-10.9502583909548;5
-5.69974469519208;-10.7425014235743;5
-9.1372947553812;-6.40171800805336;5
-9.52143663751028;-7.37053535523384;5
-9.10826974739706;-8.06072745614719;5
-7.85176948777017;-7.8763416236622;5
-8.06980775346505;-9.70920627224688;5
-7.88558549382053;-9.17689944346291;5
-7.49120261636153;-9.00967381149981;5
-14.1201742268727;6.09491795818085;5
-11.8093193400695;7.00332551822221;5
-12.0714776250867;5.40935859103191;5
-12.3443001356648;5.27040260390863;5
-12.2769030543402;4.85734952607069;5
-12.3734830726746;4.99820388853466;5
-13.6486789717566;3.80617169607718;5
-12.8374359700072;4.64706950804548;5
-12.773799541301;4.14412972477457;5
-13.227142807202;4.17692644948928;5
-14.2970309310113;3.79167622830331;5
-13.8797116600348;5.20930386623801;5
-14.5740143161146;4.87555995112078;5
-14.2888802286651;4.41472825101332;5
-14.1421655468373;4.72033165847898;5
-11.51752384683;6.14306576137574;5
-11.4774595370877;5.89601240628213;5
-11.0458755800714;6.63108998985546;5
-10.5769896393535;6.56652118617972;5
-10.6610698512108;6.54461984594568;5
-2.48541464912026;7.73558612574617;5
-2.64423303662065;7.02986990196159;5
-6.00053156772653;7.43548472525342;5
-5.80222075376763;10.8661415222409;5
-4.81617668169373;10.2993442096279;5
-6.40274874465668;8.76115638937855;5
-5.61376950266481;9.58699260586267;5
-7.22659437089534;9.72349572681053;5
-6.55814987214196;9.73663775470883;5
-6.60753082093202;9.96807411544401;5
-3.90099936579401;8.05116403990014;5
-3.79320364854913;9.83353222014081;5
-3.9107542666191;9.15056386690148;5
-8.28731945403261;8.38153231115152;5
-7.80458869077479;8.53032196105007;5
-10.1600798941963;8.02071952867355;5
-9.28659389926428;7.65172639985184;5
